id;first_name;last_name;email;gender;ip_address;Phone_number
1;Dag;Telling;dtelling0@dyndns.org;Male;174.35.20.181;493-26-6961
2;Allegra;Meaker;ameaker1@sourceforge.net;Female;240.123.68.249;773-53-9947
3;Sylas;Daville;sdaville2@technorati.com;Male;193.32.77.244;194-68-3129
4;Bartlett;Borleace;bborleace3@yahoo.co.jp;Male;41.147.195.12;532-23-7473
5;Hershel;Ivantyev;hivantyev4@delicious.com;Male;159.194.209.66;504-12-7333
6;Morissa;Pleasants;mpleasants5@digg.com;Female;72.255.148.15;407-69-8165
7;Franny;Gerrell;fgerrell6@hostgator.com;Female;96.13.239.251;268-84-7712
8;Lorinda;Grief;lgrief7@ifeng.com;Female;139.55.67.255;340-79-3438
9;Garth;Falkinder;gfalkinder8@ezinearticles.com;Male;182.135.20.227;792-91-5887
10;Mehetabel;Bridgnell;mbridgnell9@bbb.org;Female;148.171.189.207;406-92-0354
11;Darda;Coneron;dconerona@hostgator.com;Female;88.249.98.88;306-91-0579
12;Carmela;Behagg;cbehaggb@uol.com.br;Female;197.183.22.216;249-99-1923
13;Yolande;Bromhead;ybromheadc@sohu.com;Female;30.211.63.96;500-25-6384
14;Balduin;Prangle;bprangled@epa.gov;Male;92.125.52.14;871-87-9293
15;Isadore;Splaven;isplavene@ca.gov;Male;58.75.185.114;733-09-1018
16;Maris;Coult;mcoultf@ask.com;Female;101.137.187.222;399-12-3367
17;Alvie;Rapps;arappsg@reverbnation.com;Male;121.235.21.222;176-15-3846
18;Cyrill;Beech;cbeechh@cbc.ca;Male;220.247.230.249;227-94-1350
19;Neilla;Sallier;nsallieri@skype.com;Female;156.57.189.130;898-99-0774
20;Beatriz;Vernalls;bvernallsj@tinypic.com;Female;184.46.86.73;784-81-8608
21;Bobby;De Mattei;bdematteik@bloglovin.com;Male;165.46.126.44;100-87-6495
22;Jackqueline;Kale;jkalel@wunderground.com;Female;185.155.219.206;769-87-9145
23;Rafaello;Estable;restablem@nps.gov;Male;91.131.129.59;477-86-6942
24;Wayland;Mion;wmionn@tiny.cc;Male;150.21.171.187;858-89-6439
25;Stephi;Micklewicz;smicklewiczo@1und1.de;Female;21.240.9.81;656-22-4148
26;Teddi;Fawlo;tfawlop@ning.com;Female;56.4.61.10;817-04-4017
27;Carmen;Fedder;cfedderq@hugedomains.com;Female;6.5.209.94;813-88-2401
28;Auberta;McGahy;amcgahyr@w3.org;Female;164.209.167.7;557-81-1296
29;Simone;Hannen;shannens@ocn.ne.jp;Female;184.41.139.221;516-07-8461
30;Nevile;Lanfer;nlanfert@slate.com;Male;146.70.198.63;319-01-2083
31;Morgun;Rodgier;mrodgieru@epa.gov;Male;138.2.43.156;287-03-6219
32;Dame;Futter;dfutterv@rediff.com;Male;250.237.246.119;561-27-2254
33;Alfy;Speir;aspeirw@nasa.gov;Male;101.39.32.21;710-66-4679
34;Ronni;Stapleford;rstaplefordx@amazon.com;Female;13.91.78.64;801-42-7178
35;Orren;Euels;oeuelsy@naver.com;Male;237.138.89.136;584-48-3257
36;Almeda;Durston;adurstonz@over-blog.com;Female;155.194.115.197;767-49-6241
37;Nonie;Eisold;neisold10@alibaba.com;Female;11.106.160.126;738-98-5396
38;Sinclair;Salzberger;ssalzberger11@businessweek.com;Male;88.104.38.253;189-76-2234
39;Onofredo;Tallach;otallach12@un.org;Male;144.147.191.75;870-20-5656
40;Mimi;Simkovitz;msimkovitz13@nationalgeographic.com;Female;245.155.224.202;357-45-1365
41;Rosene;Mullane;rmullane14@google.com;Female;27.200.184.2;461-02-1936
42;Shannan;Lyster;slyster15@google.de;Male;245.234.162.111;807-44-3935
43;Mauricio;Polon;mpolon16@miitbeian.gov.cn;Male;81.136.21.29;365-27-7255
44;Clarette;Dungee;cdungee17@scribd.com;Female;221.254.116.19;142-02-0692
45;My;Surridge;msurridge18@state.tx.us;Male;161.54.138.173;101-87-5472
46;Marchall;Royds;mroyds19@ameblo.jp;Male;211.221.37.63;556-54-9446
47;Hubert;Saiens;hsaiens1a@homestead.com;Male;108.209.117.223;147-80-6462
48;Rakel;Corcut;rcorcut1b@t.co;Female;190.146.162.178;843-25-7288
49;Ludvig;Labroue;llabroue1c@comsenz.com;Male;6.216.208.206;517-79-0527
50;Osborne;Tongue;otongue1d@arizona.edu;Male;162.228.11.41;452-41-6514
51;Anderson;Pahlsson;apahlsson1e@accuweather.com;Male;154.195.7.69;645-29-6761
52;Sydney;Fortnum;sfortnum1f@pcworld.com;Female;22.181.167.75;119-61-2395
53;Laurette;Aishford;laishford1g@independent.co.uk;Female;0.239.66.67;152-52-1543
54;Levi;Spiers;lspiers1h@friendfeed.com;Male;4.139.32.104;530-45-9570
55;Nichole;Hannigane;nhannigane1i@theguardian.com;Female;185.203.227.213;582-28-4956
56;Kristel;Ferrolli;kferrolli1j@github.com;Female;224.187.24.117;440-67-0942
57;Carlyle;Mumbray;cmumbray1k@yahoo.com;Male;79.42.160.242;768-02-6778
58;Loleta;Farnsworth;lfarnsworth1l@washington.edu;Female;23.192.124.96;375-10-2874
59;Roselia;Cattrall;rcattrall1m@adobe.com;Female;86.126.62.33;563-75-1230
60;Tann;Rosterne;trosterne1n@jugem.jp;Male;175.38.237.192;587-15-4346
61;Maddy;Logue;mlogue1o@ucla.edu;Female;160.244.155.251;790-28-3490
62;Petra;Siggs;psiggs1p@addtoany.com;Female;234.62.96.124;638-24-7173
63;Hiram;Baurerich;hbaurerich1q@pcworld.com;Male;40.118.55.119;254-69-4724
64;Cchaddie;Jeckells;cjeckells1r@goo.ne.jp;Male;54.14.14.82;754-98-7991
65;Eveline;Whatmough;ewhatmough1s@marketwatch.com;Female;92.43.3.18;567-99-5595
66;Gardner;Matyas;gmatyas1t@mysql.com;Male;248.15.22.238;892-39-2285
67;Tiff;Kesey;tkesey1u@buzzfeed.com;Female;236.101.215.227;897-09-3589
68;Richardo;Dannell;rdannell1v@bloglines.com;Male;214.121.221.18;112-74-3067
69;Mollie;Furlow;mfurlow1w@google.com.br;Female;14.66.145.53;505-01-3982
70;Kimberli;Redsall;kredsall1x@w3.org;Female;133.199.71.57;290-05-9347
71;Bartram;Goodacre;bgoodacre1y@hibu.com;Male;156.165.249.95;657-80-0735
72;Kylie;Silcox;ksilcox1z@cisco.com;Female;162.41.105.23;404-22-2826
73;Raphaela;Robrose;rrobrose20@vimeo.com;Female;159.180.20.57;853-93-1757
74;Annalise;Silvers;asilvers21@slashdot.org;Female;54.154.184.250;486-80-1328
75;Ernaline;Plinck;eplinck22@nsw.gov.au;Female;40.106.12.174;427-30-8500
76;Milly;Meriel;mmeriel23@deviantart.com;Female;83.198.68.54;211-51-1872
77;Haven;Senn;hsenn24@goo.gl;Male;243.114.80.228;247-79-7376
78;Tildi;Jochens;tjochens25@unicef.org;Female;61.28.70.203;870-28-2583
79;Hedwiga;Baskeyfield;hbaskeyfield26@xrea.com;Female;49.211.227.213;325-69-9446
80;Farleigh;Fife;ffife27@huffingtonpost.com;Male;134.136.53.176;894-62-7751
81;Sibeal;Kemwall;skemwall28@bizjournals.com;Female;21.165.74.217;237-10-1405
82;Hamlen;Corlett;hcorlett29@barnesandnoble.com;Male;121.219.168.47;641-61-5828
83;Ninetta;O'Regan;noregan2a@issuu.com;Female;183.31.233.65;379-38-1810
84;Trix;Clewes;tclewes2b@cnbc.com;Female;49.94.91.176;202-38-3512
85;Lucais;Mairs;lmairs2c@free.fr;Male;152.14.46.142;393-48-3633
86;Noble;Bayfield;nbayfield2d@domainmarket.com;Male;187.196.195.140;759-80-2767
87;Sela;Machan;smachan2e@etsy.com;Female;140.107.51.19;154-26-2989
88;Moore;Wilkison;mwilkison2f@parallels.com;Male;215.33.162.153;567-39-4837
89;Ina;Feldhorn;ifeldhorn2g@twitpic.com;Female;248.21.106.149;277-34-8155
90;Hazel;Jouanot;hjouanot2h@usda.gov;Female;141.133.58.15;193-54-8639
91;Wallie;Veasey;wveasey2i@liveinternet.ru;Female;31.247.164.192;809-60-4087
92;Forrester;Domingues;fdomingues2j@goo.ne.jp;Male;180.196.33.129;523-43-8715
93;Madison;Wassung;mwassung2k@tmall.com;Male;36.170.97.199;516-69-1524
94;Stephana;Canti;scanti2l@state.tx.us;Female;188.24.190.122;880-77-8078
95;Constantine;Highway;chighway2m@unicef.org;Female;34.25.157.102;137-05-7291
96;Clayson;Dawtry;cdawtry2n@europa.eu;Male;243.151.0.73;850-31-1455
97;Sebastiano;Komorowski;skomorowski2o@csmonitor.com;Male;238.45.201.246;413-38-0999
98;Hubey;De Bischop;hdebischop2p@google.nl;Male;20.124.49.201;441-87-3668
99;Bevvy;Brownell;bbrownell2q@altervista.org;Female;24.54.81.185;538-15-4295
100;Brandais;Ivy;bivy2r@blogtalkradio.com;Female;18.249.36.126;876-29-0065
101;Stacy;Hartnell;shartnell2s@dailymotion.com;Male;26.52.250.195;160-22-5298
102;Micheline;Tabner;mtabner2t@google.de;Female;43.22.72.215;638-54-7007
103;Edlin;Cranshaw;ecranshaw2u@soup.io;Male;223.249.223.90;849-59-8793
104;Sharon;Roistone;sroistone2v@wikia.com;Female;87.244.194.42;836-54-8818
105;Krystalle;Burns;kburns2w@cnn.com;Female;81.54.85.21;334-24-1941
106;Alexandros;Eliez;aeliez2x@free.fr;Male;165.125.193.72;468-55-8173
107;Eustacia;Bartrop;ebartrop2y@scribd.com;Female;16.118.233.67;882-86-0672
108;Gratia;Stathor;gstathor2z@boston.com;Female;145.241.170.212;622-33-9876
109;Shandra;Hellyar;shellyar30@ask.com;Female;23.228.218.144;805-81-3370
110;Ingaberg;Hawton;ihawton31@wiley.com;Female;229.48.69.104;439-93-0376
111;Marisa;Blakeman;mblakeman32@github.io;Female;216.250.253.226;305-87-6810
112;Flory;Pogosian;fpogosian33@vkontakte.ru;Male;1.226.97.180;533-32-1328
113;Felicio;Coit;fcoit34@tripadvisor.com;Male;243.230.13.35;156-41-3544
114;Bartolemo;Couroy;bcouroy35@wisc.edu;Male;22.14.250.160;815-01-6072
115;Shirleen;Attwoul;sattwoul36@illinois.edu;Female;133.221.239.202;107-89-1816
116;Ginnifer;Canadine;gcanadine37@acquirethisname.com;Female;67.209.238.157;197-63-3271
117;Tucky;Byrkmyr;tbyrkmyr38@slideshare.net;Male;21.113.230.3;597-91-7260
118;D'arcy;Garrattley;dgarrattley39@blinklist.com;Male;246.4.72.107;765-71-2693
119;Baldwin;A'Barrow;babarrow3a@webnode.com;Male;207.16.209.143;731-10-8203
120;Jasmin;Houseman;jhouseman3b@clickbank.net;Female;246.145.74.48;240-24-2046
121;Briney;Conville;bconville3c@uiuc.edu;Female;188.99.135.138;735-87-1807
122;Jarret;Dobrowski;jdobrowski3d@spotify.com;Male;43.207.164.152;202-13-3152
123;Beilul;Makinson;bmakinson3e@uol.com.br;Female;127.181.27.49;509-22-3573
124;Leroi;Clinch;lclinch3f@ftc.gov;Male;10.53.149.69;252-28-2817
125;Sergei;Joris;sjoris3g@google.es;Male;190.55.212.177;765-96-1072
126;Christabella;Ambrose;cambrose3h@vkontakte.ru;Female;146.183.20.115;744-04-6301
127;Tan;Bruyntjes;tbruyntjes3i@sohu.com;Male;118.169.116.87;303-13-2174
128;Marylou;Gantzer;mgantzer3j@reverbnation.com;Female;130.6.178.91;554-12-6234
129;Kylen;Gordon-Giles;kgordongiles3k@paypal.com;Female;15.17.118.50;476-58-1316
130;Nettle;Teresse;nteresse3l@jigsy.com;Female;36.121.16.146;613-83-1262
131;Kyle;Braunston;kbraunston3m@instagram.com;Male;4.52.129.2;229-95-1937
132;Oneida;Tate;otate3n@blog.com;Female;96.53.82.20;839-35-0727
133;Otho;Moloney;omoloney3o@bbc.co.uk;Male;39.93.137.193;368-99-2491
134;Rory;Northcott;rnorthcott3p@moonfruit.com;Male;115.194.177.180;362-71-9934
135;Hogan;Krollmann;hkrollmann3q@bloglovin.com;Male;90.123.42.176;613-76-0559
136;Star;Dunham;sdunham3r@t.co;Female;172.207.203.98;715-13-2231
137;Erastus;Kennaway;ekennaway3s@51.la;Male;241.4.165.115;796-40-6812
138;Merrili;Szymczyk;mszymczyk3t@dot.gov;Female;212.103.80.238;346-91-2679
139;Lynnette;Yannikov;lyannikov3u@washingtonpost.com;Female;119.139.22.186;597-39-3862
140;Druci;Larrington;dlarrington3v@microsoft.com;Female;57.238.161.147;801-77-4518
141;Siobhan;Domniney;sdomniney3w@fotki.com;Female;228.8.75.192;356-48-5531
142;Allison;Machan;amachan3x@howstuffworks.com;Female;176.69.144.108;824-34-0899
143;Duffie;Jefferys;djefferys3y@adobe.com;Male;10.117.173.190;656-49-4591
144;Yvonne;Morillas;ymorillas3z@ustream.tv;Female;68.69.100.13;790-49-7084
145;Avram;Leeman;aleeman40@usatoday.com;Male;11.68.252.52;349-91-3455
146;Madeleine;Petford;mpetford41@tiny.cc;Female;156.158.25.202;761-67-9086
147;Abbot;Laughren;alaughren42@myspace.com;Male;140.21.68.159;280-06-4133
148;Elsy;Dowley;edowley43@webs.com;Female;35.66.192.140;231-20-2372
149;Ernest;Crosio;ecrosio44@google.nl;Male;87.207.183.197;407-35-5385
150;Mahala;MacCardle;mmaccardle45@epa.gov;Female;127.84.225.57;469-17-7231
151;Diego;Merkle;dmerkle46@apple.com;Male;101.8.102.46;825-05-1161
152;Kania;Lethem;klethem47@trellian.com;Female;28.163.148.8;106-95-9137
153;Pippy;Blanchet;pblanchet48@baidu.com;Female;124.242.234.45;178-48-4232
154;Dannie;Joss;djoss49@ucsd.edu;Female;115.23.84.2;268-25-1683
155;Lodovico;Clemitt;lclemitt4a@rambler.ru;Male;104.243.110.32;625-29-1647
156;Kelvin;Burnsall;kburnsall4b@skyrock.com;Male;20.212.250.61;896-94-5460
157;Creigh;Langford;clangford4c@comcast.net;Male;152.186.28.87;810-33-5566
158;Felice;Pickthorn;fpickthorn4d@pen.io;Female;43.250.64.43;702-74-2706
159;Vera;Halwill;vhalwill4e@histats.com;Female;53.151.208.94;541-20-6492
160;Ruy;McGhie;rmcghie4f@businessweek.com;Male;147.175.115.138;232-01-6271
161;Kalil;Leroy;kleroy4g@sciencedirect.com;Male;185.2.0.230;365-04-4731
162;Dene;Caron;dcaron4h@chron.com;Male;164.93.20.103;137-84-7923
163;Tanitansy;Cutbush;tcutbush4i@yelp.com;Female;117.136.253.149;243-85-5691
164;Noby;Storms;nstorms4j@hostgator.com;Male;93.109.144.88;184-33-0226
165;Gray;Roderham;groderham4k@diigo.com;Female;25.251.65.218;661-38-5920
166;Page;Tennock;ptennock4l@networkadvertising.org;Male;146.186.158.163;448-50-0108
167;Arnie;Qusklay;aqusklay4m@nasa.gov;Male;187.113.248.116;144-29-4648
168;Shea;Galletley;sgalletley4n@jimdo.com;Male;21.62.144.105;108-48-1320
169;Jerrold;Borles;jborles4o@deliciousdays.com;Male;251.223.156.6;384-29-8344
170;Arni;Lockhart;alockhart4p@pcworld.com;Male;240.127.239.169;798-89-8925
171;Vittoria;Jesson;vjesson4q@flickr.com;Female;80.248.205.17;455-94-6181
172;Aurel;Slaymaker;aslaymaker4r@admin.ch;Female;211.215.114.48;700-93-3598
173;Agace;Bansal;abansal4s@newyorker.com;Female;74.82.210.161;748-40-7133
174;Alikee;Ayrton;aayrton4t@wufoo.com;Female;184.126.60.6;165-37-4034
175;Judah;Deave;jdeave4u@soundcloud.com;Male;174.100.14.213;887-13-5514
176;Ripley;Battisson;rbattisson4v@kickstarter.com;Male;101.97.100.55;343-09-0993
177;Gabbie;Sirmond;gsirmond4w@goodreads.com;Female;205.34.141.178;492-96-9826
178;Bobbee;Rochewell;brochewell4x@ezinearticles.com;Female;97.160.58.31;613-44-2234
179;Christoffer;Artingstall;cartingstall4y@google.ru;Male;14.197.231.154;240-03-3364
180;Valdemar;Sulley;vsulley4z@vinaora.com;Male;42.103.173.120;776-06-4328
181;Normy;Marrows;nmarrows50@usnews.com;Male;97.124.30.130;551-35-7622
182;Caddric;Corry;ccorry51@so-net.ne.jp;Male;25.204.90.248;233-98-9102
183;Clarence;Hessentaler;chessentaler52@discovery.com;Male;220.124.145.184;679-79-3903
184;Vivianne;Tinkler;vtinkler53@amazon.co.uk;Female;126.158.135.24;880-79-8388
185;Langston;Rambaut;lrambaut54@prlog.org;Male;169.68.123.65;287-26-5897
186;Reamonn;Jagson;rjagson55@artisteer.com;Male;74.40.161.57;518-82-7928
187;Miquela;Findlater;mfindlater56@cbsnews.com;Female;245.24.83.189;615-23-4872
188;Cherida;Bresson;cbresson57@yale.edu;Female;168.203.47.52;474-78-3167
189;Cristabel;Athey;cathey58@privacy.gov.au;Female;112.96.87.199;341-53-1385
190;Munroe;Ferrotti;mferrotti59@opera.com;Male;81.91.78.199;219-46-6041
191;Betsey;De Maine;bdemaine5a@tuttocitta.it;Female;99.152.136.26;178-83-3330
192;Thacher;Duigan;tduigan5b@reddit.com;Male;212.37.201.138;176-83-1567
193;Dino;Jowett;djowett5c@last.fm;Male;84.14.165.10;232-01-5814
194;Joya;Rolston;jrolston5d@blinklist.com;Female;69.123.59.53;783-03-9925
195;Freida;Leethem;fleethem5e@yahoo.co.jp;Female;6.68.7.148;636-83-3653
196;Alwin;Guidone;aguidone5f@comsenz.com;Male;67.19.70.235;109-78-6821
197;Yettie;Hamlen;yhamlen5g@php.net;Female;246.73.45.57;632-29-9887
198;Marc;Paff;mpaff5h@oracle.com;Male;248.114.243.13;625-92-0446
199;Loydie;Sedgmond;lsedgmond5i@ycombinator.com;Male;22.35.174.76;292-33-7297
200;Marylin;Shacklady;mshacklady5j@yellowbook.com;Female;133.218.219.94;290-23-4669
201;Allyn;Selkirk;aselkirk5k@home.pl;Female;175.81.2.89;221-28-5913
202;Ezmeralda;M'Barron;embarron5l@yellowbook.com;Female;26.244.140.221;425-66-3125
203;Hortense;Plaice;hplaice5m@theglobeandmail.com;Female;241.51.38.184;529-19-6302
204;Gillie;Ornells;gornells5n@miitbeian.gov.cn;Female;95.243.40.7;142-45-6802
205;Sidnee;Cleobury;scleobury5o@friendfeed.com;Male;28.215.187.177;270-54-5758
206;Aggy;Simnor;asimnor5p@elegantthemes.com;Female;240.2.121.153;839-75-8598
207;Thea;Linstead;tlinstead5q@studiopress.com;Female;94.123.127.177;539-73-6738
208;Twyla;Durbyn;tdurbyn5r@google.fr;Female;111.177.242.163;197-19-9042
209;Kati;Airds;kairds5s@wikimedia.org;Female;119.30.163.213;687-48-1730
210;Gladi;Tack;gtack5t@eepurl.com;Female;109.219.66.57;408-59-3876
211;Jethro;Heinle;jheinle5u@smugmug.com;Male;218.182.143.166;433-60-5557
212;Raphaela;Botly;rbotly5v@altervista.org;Female;65.206.233.22;890-28-3485
213;Arluene;Crumpe;acrumpe5w@guardian.co.uk;Female;197.89.9.89;603-12-8830
214;Jeniffer;Maplestone;jmaplestone5x@usnews.com;Female;255.120.85.164;251-74-3796
215;Isabella;Clemmey;iclemmey5y@discuz.net;Female;154.151.143.114;415-33-2339
216;Shalom;Killingback;skillingback5z@jugem.jp;Male;201.95.199.96;133-08-6842
217;Isac;Dukesbury;idukesbury60@t-online.de;Male;239.175.211.234;231-31-9479
218;Hortensia;Nozzolinii;hnozzolinii61@homestead.com;Female;131.139.146.151;469-82-7698
219;Nathanil;Krammer;nkrammer62@pen.io;Male;170.246.49.74;749-57-4623
220;Perry;Boughtflower;pboughtflower63@shinystat.com;Male;95.225.168.164;826-48-8235
221;Sylvan;Mum;smum64@topsy.com;Male;160.234.154.255;813-55-0400
222;Clara;Dorset;cdorset65@unc.edu;Female;232.227.101.150;494-77-6838
223;Elaina;Charity;echarity66@163.com;Female;46.243.45.121;779-44-0038
224;Shea;Ragg;sragg67@simplemachines.org;Female;193.93.67.109;252-83-1927
225;Kile;Masterton;kmasterton68@constantcontact.com;Male;105.255.153.139;440-43-7113
226;Harrietta;Dailly;hdailly69@so-net.ne.jp;Female;177.110.20.130;606-70-8381
227;Rand;Dearing;rdearing6a@howstuffworks.com;Male;114.122.188.156;677-65-4566
228;Kleon;Websdale;kwebsdale6b@state.tx.us;Male;114.80.44.142;368-20-1155
229;Barris;Walhedd;bwalhedd6c@techcrunch.com;Male;134.184.118.86;442-87-6769
230;Ahmed;Tidgewell;atidgewell6d@tumblr.com;Male;191.116.221.240;710-90-1528
231;Zuzana;Solomonides;zsolomonides6e@smh.com.au;Female;183.251.160.60;435-10-1464
232;Sidonnie;Eldrett;seldrett6f@example.com;Female;156.147.183.120;844-53-6874
233;Waylin;O'Carran;wocarran6g@wikispaces.com;Male;246.155.136.124;374-53-4025
234;Justis;O'Corhane;jocorhane6h@goo.gl;Male;96.125.191.94;858-74-0795
235;Alaster;Dunk;adunk6i@upenn.edu;Male;60.96.39.161;683-20-6905
236;Milo;Cornwall;mcornwall6j@tumblr.com;Male;105.59.245.227;395-18-1646
237;Arlin;Forbear;aforbear6k@whitehouse.gov;Male;135.41.107.179;705-18-8757
238;Beth;Domanski;bdomanski6l@sogou.com;Female;173.221.45.225;679-79-2524
239;Antone;Waterdrinker;awaterdrinker6m@cdbaby.com;Male;99.162.231.120;154-95-1115
240;Harris;Tuther;htuther6n@tinyurl.com;Male;119.140.114.20;355-84-8751
241;Torr;Marchello;tmarchello6o@a8.net;Male;208.89.69.79;482-13-4406
242;Arvy;Goshawk;agoshawk6p@twitpic.com;Male;111.1.156.11;729-91-6205
243;Kathi;Tolworthie;ktolworthie6q@icq.com;Female;65.118.86.163;186-13-2744
244;Murielle;Scotchmur;mscotchmur6r@friendfeed.com;Female;166.99.59.160;574-47-8363
245;Cletis;Hallwood;challwood6s@infoseek.co.jp;Male;103.92.137.251;247-39-7094
246;Louie;Setford;lsetford6t@gravatar.com;Male;255.94.175.107;155-61-0150
247;Herold;Pinare;hpinare6u@dailymail.co.uk;Male;1.17.85.24;763-68-7593
248;Grannie;Geck;ggeck6v@slashdot.org;Male;182.44.99.119;408-76-5167
249;Charmine;Burborough;cburborough6w@blogger.com;Female;225.214.96.97;575-09-6939
250;Johnny;Bril;jbril6x@topsy.com;Male;178.41.180.36;700-84-0326
251;Talyah;Spens;tspens6y@studiopress.com;Female;100.239.134.218;356-72-5226
252;Renaldo;Mewe;rmewe6z@bluehost.com;Male;157.148.234.3;111-24-1063
253;Alfredo;Haysham;ahaysham70@godaddy.com;Male;255.154.163.174;316-99-3020
254;Klemens;Reddihough;kreddihough71@phpbb.com;Male;82.71.99.75;673-65-4909
255;Emanuele;Wilden;ewilden72@tamu.edu;Male;90.30.173.34;862-39-0548
256;Bruis;Persehouse;bpersehouse73@tripadvisor.com;Male;158.105.42.191;728-43-8110
257;Elfreda;Vanes;evanes74@rambler.ru;Female;130.154.224.121;604-32-3629
258;Dale;Hubatsch;dhubatsch75@mysql.com;Female;102.94.232.116;277-76-6683
259;Roddie;Carvell;rcarvell76@mail.ru;Male;74.184.198.84;351-80-6083
260;Gretel;Claydon;gclaydon77@de.vu;Female;25.145.86.46;891-53-9741
261;Alasdair;Wildash;awildash78@is.gd;Male;237.139.170.130;240-53-8946
262;Gustaf;Graddell;ggraddell79@unesco.org;Male;165.209.64.158;858-17-2042
263;Ervin;Masser;emasser7a@php.net;Male;116.240.143.1;894-16-8708
264;Guendolen;Chapell;gchapell7b@reddit.com;Female;168.7.211.101;647-08-4696
265;Neda;Newvill;nnewvill7c@marriott.com;Female;180.214.184.36;892-42-6318
266;Cynthy;Mahood;cmahood7d@qq.com;Female;76.63.164.59;608-99-2509
267;Nilson;Glitherow;nglitherow7e@fotki.com;Male;199.113.74.136;146-14-1589
268;Adham;Berdale;aberdale7f@live.com;Male;104.106.201.239;617-44-5448
269;Mason;Mack;mmack7g@boston.com;Male;99.5.57.165;724-54-0937
270;Franciska;Beart;fbeart7h@bbb.org;Female;169.197.222.156;219-39-2591
271;Colette;Harmar;charmar7i@lycos.com;Female;176.174.243.244;738-42-9269
272;Kelly;Readshaw;kreadshaw7j@wix.com;Male;132.125.238.214;272-29-3718
273;Dalenna;Rennenbach;drennenbach7k@answers.com;Female;91.0.60.60;224-10-8553
274;Marilin;Posse;mposse7l@google.com;Female;29.167.158.198;608-07-8075
275;Avrit;Lemmen;alemmen7m@microsoft.com;Female;173.245.129.67;471-31-5352
276;Rogers;Spering;rspering7n@ehow.com;Male;94.77.200.151;218-61-8948
277;Flory;Longmate;flongmate7o@geocities.jp;Female;201.179.111.136;816-28-2009
278;Glad;Fardo;gfardo7p@tmall.com;Female;237.118.239.249;619-71-0167
279;Gretchen;Stean;gstean7q@mail.ru;Female;16.143.70.109;739-21-7986
280;Karlee;Samper;ksamper7r@myspace.com;Female;54.55.135.70;608-69-5012
281;Katherina;Chaffyn;kchaffyn7s@webeden.co.uk;Female;126.245.60.229;462-60-0130
282;Patrizius;Cordova;pcordova7t@youtube.com;Male;90.144.92.127;466-50-3108
283;Xaviera;Robley;xrobley7u@engadget.com;Female;137.167.182.219;449-08-8068
284;Erick;Evenett;eevenett7v@oakley.com;Male;252.1.233.129;899-94-3388
285;Kristos;Fransseni;kfransseni7w@acquirethisname.com;Male;95.176.79.223;756-85-1536
286;Antoni;Janacek;ajanacek7x@cnbc.com;Male;148.202.176.249;710-37-9688
287;Nathan;Rummings;nrummings7y@gov.uk;Male;67.129.73.128;392-48-3442
288;Reginald;Hirth;rhirth7z@slideshare.net;Male;135.52.130.144;579-08-7992
289;Garvy;Seywood;gseywood80@stumbleupon.com;Male;232.27.218.162;440-91-2644
290;Kristoforo;Pittway;kpittway81@friendfeed.com;Male;238.14.73.244;612-11-3496
291;Kai;Hawkyens;khawkyens82@is.gd;Female;73.84.14.29;425-95-7490
292;Pacorro;Gosswell;pgosswell83@cbslocal.com;Male;140.112.175.73;392-75-9273
293;Klaus;Dutton;kdutton84@google.fr;Male;199.139.125.64;170-02-1493
294;Florinda;Bleesing;fbleesing85@kickstarter.com;Female;147.244.211.205;249-54-7037
295;Karney;Sharrocks;ksharrocks86@java.com;Male;127.246.115.151;269-40-0076
296;Chelsey;Rippingale;crippingale87@cdc.gov;Female;193.2.187.210;403-42-7795
297;Yvette;Crambie;ycrambie88@army.mil;Female;151.218.119.221;824-24-3146
298;Gaylor;Olivella;golivella89@furl.net;Male;253.64.166.23;659-65-6912
299;Kellie;Eastam;keastam8a@infoseek.co.jp;Female;120.197.54.186;697-53-6508
300;Dyan;Costar;dcostar8b@businesswire.com;Female;233.128.90.187;699-92-0171
301;Paloma;Spiers;pspiers8c@usda.gov;Female;237.126.50.219;293-42-2716
302;Whit;Verdon;wverdon8d@xing.com;Male;20.91.114.159;274-08-9208
303;Almira;Shepeard;ashepeard8e@tumblr.com;Female;63.34.189.156;726-04-5920
304;Milissent;Tipperton;mtipperton8f@360.cn;Female;27.187.17.73;833-18-8053
305;August;Pahl;apahl8g@weebly.com;Male;240.98.70.99;304-47-2811
306;Micky;Richardes;mrichardes8h@barnesandnoble.com;Female;126.131.103.226;798-33-3656
307;Marne;O'Dogherty;modogherty8i@va.gov;Female;16.151.13.140;732-81-3688
308;Glenden;Skipp;gskipp8j@aboutads.info;Male;203.121.115.169;337-44-0861
309;Wally;Raffan;wraffan8k@instagram.com;Female;59.171.38.168;815-50-3185
310;Arvin;Brasse;abrasse8l@ucsd.edu;Male;149.15.15.148;516-59-4108
311;Carleen;Ansty;cansty8m@google.fr;Female;36.91.25.194;436-22-3300
312;Florance;Tassell;ftassell8n@ocn.ne.jp;Female;54.177.242.10;794-64-7180
313;Marie;Carlile;mcarlile8o@wisc.edu;Female;165.187.186.48;251-19-5651
314;Merwyn;Josselson;mjosselson8p@columbia.edu;Male;11.218.253.9;572-45-5443
315;Laura;Mendes;lmendes8q@alexa.com;Female;222.109.39.136;867-29-2354
316;Juditha;Jarritt;jjarritt8r@wsj.com;Female;113.90.16.131;243-32-3412
317;Rees;Bendel;rbendel8s@nyu.edu;Male;115.16.233.29;890-65-2177
318;Cliff;Allsopp;callsopp8t@sfgate.com;Male;55.16.20.216;853-98-1576
319;Zsazsa;Standring;zstandring8u@scientificamerican.com;Female;223.47.95.171;740-73-3661
320;Harbert;McDarmid;hmcdarmid8v@yale.edu;Male;206.75.185.195;230-91-1561
321;Agathe;Cattroll;acattroll8w@wunderground.com;Female;105.156.35.196;840-81-8910
322;Linnea;Gerriessen;lgerriessen8x@springer.com;Female;241.148.225.39;374-33-0484
323;Tresa;Seton;tseton8y@webnode.com;Female;83.232.212.131;472-47-9097
324;Scot;Mycock;smycock8z@upenn.edu;Male;207.128.96.7;370-36-1714
325;Lorelei;Gyrgorwicx;lgyrgorwicx90@youtube.com;Female;199.146.84.144;139-41-8782
326;Augusta;Cruces;acruces91@cpanel.net;Female;216.33.252.39;579-68-2525
327;Daryl;Kenryd;dkenryd92@usnews.com;Female;96.195.135.144;385-43-5931
328;Alvin;Poulston;apoulston93@ocn.ne.jp;Male;102.48.15.173;481-67-5531
329;Richmond;Demageard;rdemageard94@devhub.com;Male;177.205.248.133;861-37-9410
330;Blane;Cabane;bcabane95@odnoklassniki.ru;Male;33.58.36.23;437-98-8459
331;Yard;Ferrieri;yferrieri96@senate.gov;Male;82.161.165.139;709-43-6763
332;Marita;Moller;mmoller97@yolasite.com;Female;218.56.79.175;256-13-6926
333;Melinde;Tante;mtante98@ca.gov;Female;77.229.79.204;817-17-4422
334;Berenice;Stukings;bstukings99@cnbc.com;Female;212.44.138.162;506-10-3674
335;Kath;Brawley;kbrawley9a@sakura.ne.jp;Female;251.129.162.183;113-24-5472
336;Ludovico;Rainsbury;lrainsbury9b@smh.com.au;Male;59.199.69.123;894-04-3346
337;Floyd;Ramsby;framsby9c@paypal.com;Male;140.136.86.78;276-82-8942
338;Lillis;Boerder;lboerder9d@nba.com;Female;84.132.204.111;118-65-6174
339;Dixie;Button;dbutton9e@irs.gov;Female;152.223.105.241;226-20-3579
340;Robbie;Kinchington;rkinchington9f@51.la;Male;26.230.199.9;325-33-3309
341;Jacquenetta;Belden;jbelden9g@guardian.co.uk;Female;156.27.167.180;575-85-3961
342;Delmar;Pulfer;dpulfer9h@army.mil;Male;13.209.218.146;726-48-2868
343;Leonhard;Simmill;lsimmill9i@yellowbook.com;Male;47.160.138.248;206-52-0207
344;Donal;Jambrozek;djambrozek9j@elpais.com;Male;161.187.95.120;269-33-6984
345;Larisa;Loosmore;lloosmore9k@4shared.com;Female;241.56.34.193;180-42-7339
346;Nevin;Zebedee;nzebedee9l@google.fr;Male;17.26.195.27;356-09-8761
347;Freedman;Hapgood;fhapgood9m@tinypic.com;Male;10.216.8.13;410-42-9729
348;Griffy;Eltringham;geltringham9n@cbsnews.com;Male;30.93.140.255;770-17-6833
349;Sherwin;Thoms;sthoms9o@boston.com;Male;65.157.12.223;501-16-8321
350;Hyatt;Abramin;habramin9p@nyu.edu;Male;181.212.90.74;453-03-4279
351;Helyn;Skilton;hskilton9q@shinystat.com;Female;15.132.40.69;780-01-9233
352;Tobey;Inglese;tinglese9r@netvibes.com;Female;57.110.120.244;503-05-0767
353;Dmitri;Mundy;dmundy9s@tinypic.com;Male;140.99.34.223;565-99-1158
354;Lou;Valeri;lvaleri9t@youku.com;Male;79.144.160.6;507-09-2549
355;Findley;Arrol;farrol9u@infoseek.co.jp;Male;189.198.77.203;164-19-6879
356;Margarita;Halladey;mhalladey9v@mapy.cz;Female;226.198.145.113;354-13-2948
357;Andris;Andras;aandras9w@pbs.org;Male;199.228.229.58;240-32-8103
358;Sherwin;Enrigo;senrigo9x@auda.org.au;Male;136.68.208.247;894-96-5612
359;Elston;Weeds;eweeds9y@rakuten.co.jp;Male;209.63.107.239;130-88-2007
360;Kristian;Brunstan;kbrunstan9z@hud.gov;Male;69.65.106.240;348-82-2993
361;Hedvige;Errol;herrola0@jugem.jp;Female;38.230.83.1;828-24-2628
362;Martainn;Hammor;mhammora1@oaic.gov.au;Male;9.237.37.197;778-06-0095
363;Lanie;Eagles;leaglesa2@exblog.jp;Male;48.206.29.217;663-05-7634
364;Evelyn;Simoni;esimonia3@zimbio.com;Male;124.171.66.108;495-41-9260
365;Robinet;Gratland;rgratlanda4@cdbaby.com;Male;18.111.181.56;814-43-2955
366;Allister;Speere;aspeerea5@admin.ch;Male;25.77.59.211;573-87-3327
367;Ola;Kumaar;okumaara6@reuters.com;Female;239.3.46.161;760-25-7440
368;Dannye;Gerardin;dgerardina7@bizjournals.com;Female;12.150.96.36;523-79-9227
369;Alfred;Taylorson;ataylorsona8@wikipedia.org;Male;206.254.176.184;860-79-5298
370;Winfield;Fidock;wfidocka9@comsenz.com;Male;77.231.199.231;711-42-6451
371;Clio;Ethridge;cethridgeaa@theglobeandmail.com;Female;123.61.135.56;464-71-5069
372;Ellyn;Achromov;eachromovab@google.com;Female;75.125.71.136;453-11-7866
373;Nicoline;Dusting;ndustingac@gizmodo.com;Female;153.42.99.36;644-62-2122
374;Ruthe;Schwandner;rschwandnerad@stumbleupon.com;Female;230.136.20.39;563-96-2310
375;Claudius;MacHarg;cmachargae@pen.io;Male;200.43.151.174;101-46-9575
376;Bree;Simic;bsimicaf@bandcamp.com;Female;201.207.74.222;392-15-6255
377;Krissie;Carling;kcarlingag@weather.com;Female;182.6.132.58;552-24-5925
378;Basia;MacAskie;bmacaskieah@i2i.jp;Female;241.47.193.86;371-38-0532
379;Olivette;Randles;orandlesai@rediff.com;Female;227.129.254.159;512-27-0731
380;Dar;Nuscha;dnuschaaj@examiner.com;Male;85.8.237.77;258-62-7501
381;Harp;Tickle;htickleak@senate.gov;Male;195.180.166.31;878-20-1505
382;Benjie;Halston;bhalstonal@google.com;Male;126.209.154.220;480-46-8125
383;Jenn;Compson;jcompsonam@marketwatch.com;Female;216.40.25.177;423-34-0613
384;Jed;Jamson;jjamsonan@jugem.jp;Male;151.19.156.231;752-79-0202
385;Edee;Stobbes;estobbesao@huffingtonpost.com;Female;156.8.222.95;310-10-5540
386;Aluino;Stolberg;astolbergap@timesonline.co.uk;Male;24.67.67.112;265-58-8301
387;Onofredo;Castanos;ocastanosaq@ed.gov;Male;213.26.190.171;855-99-7837
388;Corabella;Scroxton;cscroxtonar@webmd.com;Female;97.237.137.183;888-07-4437
389;Stewart;Gentiry;sgentiryas@ucsd.edu;Male;189.162.18.97;714-96-3493
390;Karylin;Megany;kmeganyat@odnoklassniki.ru;Female;96.117.22.160;170-05-2583
391;Chantalle;Sallinger;csallingerau@bluehost.com;Female;87.141.36.20;328-11-7475
392;Selena;Stamper;sstamperav@whitehouse.gov;Female;247.120.18.95;786-24-3339
393;Steven;Capaldi;scapaldiaw@boston.com;Male;157.221.1.170;363-24-1479
394;Nonnah;Gomersall;ngomersallax@dmoz.org;Female;3.165.148.99;697-36-9168
395;Palm;Fifoot;pfifootay@nbcnews.com;Male;212.31.144.86;306-09-2389
396;Teena;Lessmare;tlessmareaz@washingtonpost.com;Female;174.196.197.0;104-67-2492
397;Leoine;Koppeck;lkoppeckb0@ted.com;Female;202.64.206.228;341-37-9409
398;Lloyd;Satterfitt;lsatterfittb1@photobucket.com;Male;253.127.237.152;452-97-8911
399;Sari;Trematick;strematickb2@blog.com;Female;186.28.220.200;479-27-6748
400;Granville;Norkutt;gnorkuttb3@51.la;Male;249.144.180.151;704-53-4742
401;Bendick;Ivy;bivyb4@tripod.com;Male;103.120.214.71;205-22-5801
402;Orland;Ducker;oduckerb5@google.nl;Male;114.147.182.38;896-54-1578
403;Torey;Rawcliffe;trawcliffeb6@huffingtonpost.com;Male;182.131.75.230;188-20-0238
404;Dyan;Lardner;dlardnerb7@webs.com;Female;37.144.137.69;257-24-6361
405;Idette;Novkovic;inovkovicb8@time.com;Female;220.12.234.195;493-40-5359
406;Lydia;Mumbray;lmumbrayb9@umn.edu;Female;238.159.206.54;282-43-8236
407;Finley;Jouhning;fjouhningba@topsy.com;Male;154.36.127.254;707-05-4049
408;Aurlie;Geist;ageistbb@statcounter.com;Female;247.101.196.127;679-42-9821
409;Tina;Andrusyak;tandrusyakbc@umich.edu;Female;238.30.156.42;105-05-1286
410;Ashleigh;Goodredge;agoodredgebd@free.fr;Female;247.11.234.182;727-34-5151
411;Gladys;Dominguez;gdominguezbe@joomla.org;Female;9.97.188.51;218-67-2405
412;Cody;McNeice;cmcneicebf@prlog.org;Male;184.176.204.148;207-61-4372
413;Levon;Begbie;lbegbiebg@4shared.com;Male;121.225.153.192;607-81-6957
414;Romola;Vanyard;rvanyardbh@techcrunch.com;Female;9.62.208.211;296-16-8973
415;Cosetta;Skyrm;cskyrmbi@webnode.com;Female;65.46.210.42;195-56-1501
416;Erek;Yurkiewicz;eyurkiewiczbj@nasa.gov;Male;15.68.139.30;632-95-9387
417;Jocelin;Kisby;jkisbybk@miitbeian.gov.cn;Female;145.209.6.161;360-09-9990
418;Mahmud;Yirrell;myirrellbl@typepad.com;Male;208.143.119.139;628-55-4962
419;Nannette;Wilne;nwilnebm@elegantthemes.com;Female;13.73.219.89;342-23-7253
420;Kimberlee;Twigley;ktwigleybn@sphinn.com;Female;195.23.214.117;514-52-0814
421;Collen;Jarrold;cjarroldbo@google.nl;Female;166.155.6.208;884-25-9800
422;Parker;Notti;pnottibp@jiathis.com;Male;67.116.44.22;144-43-1130
423;Gail;Beaushaw;gbeaushawbq@ycombinator.com;Female;44.217.57.237;899-77-9292
424;Vlad;Eglaise;veglaisebr@flickr.com;Male;37.118.71.163;129-94-0700
425;Perry;Palphramand;ppalphramandbs@theglobeandmail.com;Male;147.187.35.71;242-77-7542
426;Gwenni;Cashmore;gcashmorebt@domainmarket.com;Female;170.183.239.44;860-70-6748
427;Garret;Benit;gbenitbu@weather.com;Male;213.17.216.174;648-38-8868
428;Tricia;Husbands;thusbandsbv@jiathis.com;Female;154.81.22.210;649-47-8147
429;Delbert;D'Andrea;ddandreabw@whitehouse.gov;Male;194.140.173.8;188-06-2099
430;Drew;Jindra;djindrabx@shareasale.com;Male;93.168.62.182;366-45-7439
431;Bunni;Bulle;bbulleby@chronoengine.com;Female;180.190.112.45;282-88-2620
432;Tiphanie;Navaro;tnavarobz@msu.edu;Female;72.92.53.244;288-12-1555
433;Malissia;Leeburne;mleeburnec0@wunderground.com;Female;150.70.51.202;495-72-5342
434;Tonie;Breckell;tbreckellc1@si.edu;Female;251.247.193.117;214-34-1777
435;Adeline;Kayzer;akayzerc2@slideshare.net;Female;29.79.231.198;601-59-9815
436;Howie;Baythrop;hbaythropc3@netlog.com;Male;180.127.182.10;472-58-1102
437;Leila;Titchen;ltitchenc4@loc.gov;Female;119.126.39.206;138-47-7506
438;Christos;Glasscoo;cglasscooc5@timesonline.co.uk;Male;103.60.220.146;237-29-4536
439;Eliza;Fforde;effordec6@live.com;Female;34.207.235.67;102-04-5695
440;Vivien;Costelloe;vcostelloec7@jimdo.com;Female;79.39.95.159;299-15-0951
441;Carver;Stickells;cstickellsc8@github.io;Male;7.16.231.36;524-42-1448
442;Washington;Beedell;wbeedellc9@europa.eu;Male;178.56.222.104;360-41-2649
443;Symon;Rosenfeld;srosenfeldca@bloomberg.com;Male;37.16.6.38;849-39-5825
444;Gaylord;Kezar;gkezarcb@vinaora.com;Male;35.100.172.101;726-89-7458
445;Audrey;Frizell;afrizellcc@europa.eu;Female;6.208.215.148;112-12-0677
446;Alisun;Riddoch;ariddochcd@networksolutions.com;Female;42.77.32.202;728-75-4571
447;Walker;Friskey;wfriskeyce@fc2.com;Male;11.219.182.76;223-13-8326
448;Wilden;Plaistowe;wplaistowecf@sina.com.cn;Male;17.205.216.60;201-83-6597
449;Mozelle;Cunradi;mcunradicg@rakuten.co.jp;Female;129.87.52.78;580-22-3176
450;Craggie;Tuckwood;ctuckwoodch@1688.com;Male;237.78.234.211;142-95-6983
451;Retha;Martinovic;rmartinovicci@fc2.com;Female;48.127.121.143;246-47-8382
452;Cristine;Innett;cinnettcj@jimdo.com;Female;16.42.116.185;828-51-7536
453;Lou;Fewell;lfewellck@cnbc.com;Male;200.76.119.54;466-94-0090
454;Jozef;Kunath;jkunathcl@twitter.com;Male;3.96.202.73;150-70-9938
455;Ansel;Petschelt;apetscheltcm@topsy.com;Male;183.160.101.163;450-10-7908
456;Veriee;Edwinson;vedwinsoncn@altervista.org;Female;211.25.12.82;650-94-8990
457;Tobiah;Siret;tsiretco@hp.com;Male;132.162.93.53;290-38-9725
458;Belva;Wrigley;bwrigleycp@biblegateway.com;Female;56.53.205.85;397-80-4829
459;Courtney;De Domenicis;cdedomeniciscq@theguardian.com;Male;12.212.206.104;280-55-9218
460;Channa;Bedbrough;cbedbroughcr@godaddy.com;Female;34.68.79.132;676-88-8396
461;Thor;Loreit;tloreitcs@oakley.com;Male;60.138.235.23;890-93-3554
462;Aurelea;Sleney;asleneyct@sitemeter.com;Female;36.2.132.221;316-71-5329
463;Kalle;Cicchetto;kcicchettocu@example.com;Male;216.2.213.39;455-66-6417
464;Olympie;Asken;oaskencv@51.la;Female;177.242.154.14;255-43-3266
465;Jazmin;Kirman;jkirmancw@cornell.edu;Female;63.210.236.187;560-27-9266
466;Byran;Vail;bvailcx@parallels.com;Male;69.46.41.49;358-93-6404
467;Danni;Broe;dbroecy@hud.gov;Female;152.222.8.35;523-88-5473
468;Cecilla;Faragher;cfaraghercz@blogs.com;Female;41.143.82.55;499-90-4875
469;Wye;McCord;wmccordd0@comsenz.com;Male;152.180.95.183;742-71-3003
470;Olympia;Sherwin;osherwind1@cbc.ca;Female;20.45.52.212;295-20-6598
471;Findley;MacPike;fmacpiked2@eepurl.com;Male;212.88.208.104;562-11-4699
472;Averil;Pillington;apillingtond3@yale.edu;Male;93.89.51.159;365-15-8503
473;Boyd;Olivet;bolivetd4@google.com.au;Male;114.49.114.41;467-83-4733
474;Hilliard;Hansmann;hhansmannd5@amazonaws.com;Male;35.213.1.176;532-55-3631
475;Godard;Joynson;gjoynsond6@xrea.com;Male;188.107.166.111;808-86-8469
476;Haskell;Pitt;hpittd7@nbcnews.com;Male;11.104.182.244;697-33-8881
477;Brit;Austing;baustingd8@mac.com;Female;132.239.59.69;631-33-4407
478;Lebbie;Dredge;ldredged9@twitpic.com;Female;46.192.238.5;402-14-3649
479;Aurthur;Reubel;areubelda@psu.edu;Male;13.191.144.33;376-96-0567
480;Hinda;Stebbings;hstebbingsdb@spotify.com;Female;231.179.30.37;519-48-8084
481;Eileen;Tarrier;etarrierdc@ebay.co.uk;Female;176.99.25.17;729-18-9778
482;Sioux;Adamovicz;sadamoviczdd@mysql.com;Female;63.218.185.25;671-83-9719
483;Fonsie;McMaster;fmcmasterde@dell.com;Male;210.174.13.246;159-71-2452
484;Rosene;St Pierre;rstpierredf@examiner.com;Female;114.128.175.186;653-21-6308
485;Peta;Kemme;pkemmedg@netvibes.com;Female;46.209.245.123;224-78-6145
486;Irvine;Durgan;idurgandh@miitbeian.gov.cn;Male;121.220.46.172;332-99-3031
487;Wynnie;Fullom;wfullomdi@plala.or.jp;Female;33.143.120.116;612-10-2346
488;Zebedee;Cowlam;zcowlamdj@google.com.au;Male;4.158.48.214;572-27-5288
489;Amble;Snowling;asnowlingdk@wikia.com;Male;252.34.139.185;284-48-2505
490;Napoleon;Bonafant;nbonafantdl@typepad.com;Male;85.62.174.66;126-70-3802
491;Cash;Tollerfield;ctollerfielddm@cpanel.net;Male;137.181.224.142;714-47-8223
492;Yulma;Whyman;ywhymandn@booking.com;Male;4.233.166.195;543-08-1529
493;Leodora;Haryngton;lharyngtondo@github.io;Female;53.22.234.194;800-60-9580
494;Brandea;Clemonts;bclemontsdp@about.me;Female;88.106.247.158;656-60-8453
495;Olenolin;Laxston;olaxstondq@virginia.edu;Male;184.49.117.149;763-73-9894
496;Averil;Skittle;askittledr@last.fm;Male;27.44.221.110;346-18-5004
497;Granger;Maben;gmabends@fc2.com;Male;38.82.99.189;348-58-0747
498;Terri;Bampkin;tbampkindt@slideshare.net;Male;192.94.29.48;390-24-7897
499;Ann;Gethyn;agethyndu@tinypic.com;Female;27.69.203.38;725-18-9909
500;Hilary;Rippen;hrippendv@tumblr.com;Female;183.65.169.226;115-63-9939
501;Loydie;Iliff;liliffdw@netlog.com;Male;65.57.198.243;409-77-2350
502;Krista;McGonigal;kmcgonigaldx@omniture.com;Female;21.242.236.202;250-62-6907
503;Max;Test;mtestdy@apple.com;Male;252.249.237.14;168-06-1535
504;Kaiser;Barlie;kbarliedz@etsy.com;Male;255.186.41.65;348-67-2531
505;Livia;Lucy;llucye0@netscape.com;Female;194.203.255.71;584-40-2784
506;Rockey;Glackin;rglackine1@ycombinator.com;Male;166.226.154.252;374-15-9168
507;Sallyanne;Adess;sadesse2@storify.com;Female;248.248.144.35;583-52-5828
508;Ange;McGifford;amcgifforde3@guardian.co.uk;Female;183.207.179.236;691-35-1551
509;Clevie;Cunniffe;ccunniffee4@dagondesign.com;Male;21.192.188.232;496-92-1203
510;Caye;Cragg;ccragge5@gizmodo.com;Female;141.97.12.34;518-87-1528
511;Jacklyn;Bound;jbounde6@state.gov;Female;127.226.11.65;763-28-7615
512;Nadiya;Cornwell;ncornwelle7@blogspot.com;Female;233.81.195.62;849-28-6035
513;Giff;Checchetelli;gchecchetellie8@usatoday.com;Male;148.142.210.60;740-62-1789
514;Lily;Renn;lrenne9@scientificamerican.com;Female;106.173.153.224;419-89-1320
515;Bay;German;bgermanea@ca.gov;Male;23.66.149.252;613-53-8973
516;Horacio;Robjant;hrobjanteb@de.vu;Male;12.147.253.171;728-07-1916
517;Orelle;Blackadder;oblackadderec@wp.com;Female;86.97.213.240;893-13-8208
518;Luis;Ickovits;lickovitsed@nba.com;Male;240.82.184.142;327-90-9861
519;Ronald;Daniaud;rdaniaudee@eepurl.com;Male;66.110.248.78;683-11-8684
520;Milton;Scamal;mscamalef@soup.io;Male;142.232.224.170;249-23-1438
521;Pattie;Strongitharm;pstrongitharmeg@gnu.org;Female;19.175.54.63;583-66-1818
522;Sonnie;Wooldridge;swooldridgeeh@spiegel.de;Male;228.231.35.81;207-55-0336
523;Jasmine;Drover;jdroverei@sogou.com;Female;14.10.94.81;140-56-8124
524;Abelard;Greggs;agreggsej@mtv.com;Male;184.81.68.86;291-53-0815
525;Genovera;Schaumaker;gschaumakerek@tamu.edu;Female;161.240.110.245;545-79-3584
526;Ivory;McEneny;imcenenyel@geocities.jp;Female;73.65.109.50;270-31-0478
527;Jeffie;Iacovone;jiacovoneem@nifty.com;Male;104.125.251.29;320-57-4699
528;Constantina;Wasson;cwassonen@jigsy.com;Female;105.49.11.170;493-28-3013
529;Elissa;Gregorin;egregorineo@google.cn;Female;166.59.78.104;750-12-4778
530;Arlette;McConway;amcconwayep@lycos.com;Female;103.194.241.171;802-59-0332
531;Devin;Skone;dskoneeq@123-reg.co.uk;Male;89.15.12.102;680-74-1091
532;Gasparo;Frankish;gfrankisher@behance.net;Male;115.32.33.87;393-35-2328
533;Rosalinda;Lainton;rlaintones@dedecms.com;Female;190.21.89.77;469-48-2232
534;Barbie;Mylechreest;bmylechreestet@weather.com;Female;165.249.244.162;139-43-9813
535;Alessandra;Pople;apopleeu@rakuten.co.jp;Female;171.150.213.235;746-67-6401
536;Vonny;Langmuir;vlangmuirev@aol.com;Female;233.222.205.248;231-56-4725
537;Linn;Melwall;lmelwallew@skyrock.com;Male;140.32.71.207;391-39-0282
538;Lynna;Cabera;lcaberaex@youku.com;Female;39.228.236.235;278-22-6885
539;Twila;Gavrielly;tgavriellyey@geocities.jp;Female;191.139.104.85;561-89-6372
540;Perrine;Pebworth;ppebworthez@lycos.com;Female;130.42.195.51;407-76-2109
541;Gustavo;Daubeny;gdaubenyf0@xinhuanet.com;Male;67.18.33.49;718-19-3215
542;Thaine;Abramamov;tabramamovf1@meetup.com;Male;180.73.117.25;338-10-7651
543;Ervin;McKall;emckallf2@unesco.org;Male;90.223.170.204;137-93-4919
544;Isidro;Gibbe;igibbef3@ezinearticles.com;Male;131.98.137.69;285-23-0223
545;Nial;Yerbury;nyerburyf4@google.pl;Male;37.157.5.35;847-23-9197
546;Flemming;Greenwood;fgreenwoodf5@gov.uk;Male;128.194.175.105;234-91-0301
547;Enrica;Panner;epannerf6@timesonline.co.uk;Female;47.155.134.252;620-97-5509
548;Leroy;Solleme;lsollemef7@people.com.cn;Male;79.82.91.98;336-68-8326
549;Ivor;Monnery;imonneryf8@zdnet.com;Male;53.44.127.62;352-04-0469
550;Jesselyn;Duthy;jduthyf9@feedburner.com;Female;8.166.67.134;535-11-0437
551;Teddie;Loney;tloneyfa@epa.gov;Female;185.204.248.33;766-04-3565
552;Kailey;Ohrt;kohrtfb@biblegateway.com;Female;79.201.206.94;777-37-2585
553;Jarrett;Desbrow;jdesbrowfc@163.com;Male;115.63.171.31;478-99-6561
554;Siouxie;Copcote;scopcotefd@cafepress.com;Female;196.223.88.20;625-21-1058
555;Harv;Danton;hdantonfe@ehow.com;Male;253.162.148.54;410-68-7290
556;Celene;Dumbrall;cdumbrallff@webeden.co.uk;Female;150.160.191.224;705-57-5064
557;Melinde;Rickword;mrickwordfg@so-net.ne.jp;Female;174.134.98.217;434-55-9805
558;Eryn;Thies;ethiesfh@blogs.com;Female;183.70.15.188;709-23-1613
559;Boot;Deport;bdeportfi@vimeo.com;Male;27.88.113.240;437-69-5271
560;Andonis;Cormode;acormodefj@soundcloud.com;Male;214.222.76.193;789-19-2842
561;Wilhelm;Edward;wedwardfk@diigo.com;Male;31.203.36.105;538-67-7432
562;Verena;Manske;vmanskefl@indiegogo.com;Female;197.188.64.130;808-87-4214
563;Bram;Tonge;btongefm@springer.com;Male;0.85.39.219;356-93-6594
564;Ursa;Perrins;uperrinsfn@unc.edu;Female;194.231.94.123;636-45-4819
565;Karna;MacKim;kmackimfo@si.edu;Female;94.60.152.142;409-98-9357
566;Tamas;Carne;tcarnefp@ezinearticles.com;Male;56.239.239.125;121-60-7438
567;Elvera;Breslane;ebreslanefq@pen.io;Female;120.87.84.233;218-90-5600
568;Thedric;Blest;tblestfr@cloudflare.com;Male;78.105.216.7;847-21-6584
569;Arleyne;Mc Dermid;amcdermidfs@123-reg.co.uk;Female;244.113.58.208;417-13-6225
570;Hussein;Birchenhead;hbirchenheadft@pbs.org;Male;153.22.3.6;522-12-8338
571;Nealy;Jakaway;njakawayfu@blog.com;Male;8.176.251.49;157-07-4865
572;Maynord;Kapelhoff;mkapelhofffv@qq.com;Male;88.97.23.12;872-57-1061
573;Walker;Plimmer;wplimmerfw@mac.com;Male;5.165.241.183;457-97-2821
574;Janean;Parcell;jparcellfx@accuweather.com;Female;250.241.64.64;374-29-0004
575;Bobina;Shovlin;bshovlinfy@parallels.com;Female;171.165.13.158;105-43-4425
576;Ivett;Daybell;idaybellfz@census.gov;Female;137.200.112.254;238-86-1166
577;Krishna;Sappell;ksappellg0@mlb.com;Male;94.72.45.160;224-61-9888
578;Rebecka;Leggan;rleggang1@example.com;Female;242.42.139.62;866-67-9722
579;Shayne;Ferschke;sferschkeg2@infoseek.co.jp;Male;70.73.136.165;250-27-1541
580;Joyann;McDarmid;jmcdarmidg3@google.pl;Female;94.139.156.233;307-76-4470
581;Joscelin;Santino;jsantinog4@ycombinator.com;Female;154.232.187.114;795-04-7021
582;Skelly;Barbisch;sbarbischg5@joomla.org;Male;157.20.103.158;791-68-5430
583;Jerrine;Riches;jrichesg6@bbb.org;Female;178.0.96.90;151-53-0208
584;Feodor;Hovington;fhovingtong7@google.ca;Male;239.29.68.231;788-22-9423
585;Debbi;Nockolds;dnockoldsg8@theguardian.com;Female;215.176.95.86;228-93-5764
586;Cletus;Adnam;cadnamg9@amazon.com;Male;31.239.39.159;393-69-3587
587;Tad;Grahlman;tgrahlmanga@hatena.ne.jp;Male;248.33.75.24;727-41-7782
588;Morton;Gullberg;mgullberggb@mediafire.com;Male;36.58.236.12;468-31-6730
589;Tyne;Durrell;tdurrellgc@xing.com;Female;188.44.39.173;715-81-3599
590;Faydra;Mundell;fmundellgd@hubpages.com;Female;36.234.205.153;359-02-2940
591;Rog;Weinberg;rweinbergge@about.com;Male;72.73.137.87;593-58-1674
592;Britt;MacTrustram;bmactrustramgf@altervista.org;Male;84.4.220.98;280-17-3198
593;Thorny;Goodered;tgooderedgg@privacy.gov.au;Male;82.69.166.97;123-19-5046
594;Bernarr;Gianninotti;bgianninottigh@acquirethisname.com;Male;180.112.179.238;231-04-3242
595;Parke;Skirving;pskirvinggi@zdnet.com;Male;47.114.69.23;475-31-3052
596;Marnia;Bayles;mbaylesgj@rambler.ru;Female;90.27.203.169;746-07-0072
597;Prissie;Sherwen;psherwengk@nsw.gov.au;Female;38.32.185.108;820-83-8798
598;Jayson;Lecky;jleckygl@nbcnews.com;Male;55.35.178.115;159-23-6673
599;Bobbie;Greenan;bgreenangm@google.es;Male;136.220.76.81;314-73-5759
600;Jesse;Opie;jopiegn@trellian.com;Male;69.37.32.195;237-49-6403
601;Auroora;Allom;aallomgo@skype.com;Female;212.32.47.52;744-13-9809
602;Miquela;Draude;mdraudegp@ask.com;Female;143.116.153.232;248-34-4381
603;Garrott;Baraja;gbarajagq@npr.org;Male;103.202.74.149;509-38-0695
604;Andi;Pyrke;apyrkegr@elpais.com;Female;177.169.240.76;448-64-4208
605;Jessamyn;Vasenkov;jvasenkovgs@hhs.gov;Female;116.231.19.230;451-73-8274
606;Bale;Fosdick;bfosdickgt@pcworld.com;Male;234.161.246.106;831-97-5881
607;Pauletta;Arcase;parcasegu@360.cn;Female;241.120.48.10;387-33-3843
608;Karim;Hankin;khankingv@bing.com;Male;226.145.124.186;293-60-8002
609;Agretha;Alessandrucci;aalessandruccigw@github.com;Female;229.244.69.29;156-83-8126
610;Randene;McDermid;rmcdermidgx@utexas.edu;Female;213.43.11.161;523-70-1124
611;Elwyn;Westwater;ewestwatergy@nih.gov;Male;67.228.129.19;647-28-5568
612;Glendon;Ladon;gladongz@psu.edu;Male;120.217.75.238;743-72-9541
613;Dionysus;Di Meo;ddimeoh0@huffingtonpost.com;Male;46.198.253.12;530-53-2816
614;Rora;Silcocks;rsilcocksh1@cornell.edu;Female;198.0.74.120;518-37-2220
615;Colver;Burdoun;cburdounh2@phpbb.com;Male;232.17.70.40;758-40-9016
616;Olvan;Obbard;oobbardh3@about.com;Male;158.175.161.31;101-14-2285
617;Dalila;Bentjens;dbentjensh4@time.com;Female;115.15.27.193;436-41-4244
618;Nanni;Saffen;nsaffenh5@xrea.com;Female;175.66.16.144;562-48-8370
619;Korry;Shawyer;kshawyerh6@edublogs.org;Female;113.109.129.109;775-40-2659
620;Caleb;Poacher;cpoacherh7@bluehost.com;Male;131.203.199.164;797-92-6305
621;Teresa;Crole;tcroleh8@addthis.com;Female;235.85.119.141;817-61-2461
622;Miner;Berthelmot;mberthelmoth9@imdb.com;Male;232.47.22.42;125-56-6834
623;Ignacio;Minchell;iminchellha@noaa.gov;Male;89.105.51.57;507-78-6762
624;Tannie;Bogies;tbogieshb@howstuffworks.com;Male;231.181.185.179;284-33-2229
625;Margy;Munt;mmunthc@odnoklassniki.ru;Female;225.222.21.10;810-59-4826
626;Reyna;Morrish;rmorrishhd@mapquest.com;Female;247.186.192.16;334-22-3080
627;Ariadne;Mc Andrew;amcandrewhe@sina.com.cn;Female;3.79.201.123;804-68-3063
628;Jenilee;Biford;jbifordhf@narod.ru;Female;204.225.112.180;117-26-6189
629;Marjy;Scougal;mscougalhg@quantcast.com;Female;167.100.160.33;393-56-3615
630;Silvano;Sertin;ssertinhh@privacy.gov.au;Male;191.7.63.181;289-11-9734
631;Sandi;O'Crotty;socrottyhi@japanpost.jp;Female;10.43.68.124;573-14-4313
632;Roxana;O'Loughnan;roloughnanhj@github.com;Female;252.75.218.173;186-14-1201
633;Zola;Coucha;zcouchahk@sbwire.com;Female;165.186.161.149;514-21-2692
634;Elbertina;Trimmill;etrimmillhl@oracle.com;Female;68.46.228.78;122-03-7476
635;Lari;Gladebeck;lgladebeckhm@spiegel.de;Female;25.16.247.72;212-94-4238
636;Hayes;Greer;hgreerhn@marriott.com;Male;108.215.131.242;334-35-7668
637;Titus;Waller;twallerho@utexas.edu;Male;75.117.250.74;632-80-0640
638;Seth;Surgood;ssurgoodhp@pbs.org;Male;151.109.44.99;454-58-8985
639;Gregorius;Heintzsch;gheintzschhq@istockphoto.com;Male;82.233.34.178;467-46-3079
640;Kip;Caught;kcaughthr@angelfire.com;Male;255.1.37.159;282-05-3096
641;Jack;Paye;jpayehs@liveinternet.ru;Male;30.250.44.156;327-19-6049
642;Lynnell;Clamp;lclampht@webeden.co.uk;Female;180.72.92.213;128-07-6098
643;Lazarus;Cursons;lcursonshu@archive.org;Male;233.179.11.133;227-43-2879
644;Teddy;Bennitt;tbennitthv@wsj.com;Female;121.239.149.65;468-16-4764
645;Tina;Stidworthy;tstidworthyhw@pbs.org;Female;83.192.61.152;662-88-3146
646;Janette;Yanyshev;jyanyshevhx@sohu.com;Female;16.118.46.81;531-31-3726
647;Lissa;Dodgshon;ldodgshonhy@google.com.br;Female;191.11.122.109;502-49-0992
648;Noemi;Ferrario;nferrariohz@mozilla.org;Female;203.61.136.175;766-46-3932
649;Frederigo;Pranger;fprangeri0@hud.gov;Male;172.195.109.39;169-35-5441
650;Addison;Levins;alevinsi1@creativecommons.org;Male;119.50.106.85;833-64-1193
651;Orlan;Mantram;omantrami2@purevolume.com;Male;229.10.191.132;608-56-4481
652;Trix;Letcher;tletcheri3@hatena.ne.jp;Female;249.79.12.92;146-73-9229
653;Hilario;Cornau;hcornaui4@newyorker.com;Male;199.83.119.98;604-86-0444
654;Brook;Cavanaugh;bcavanaughi5@instagram.com;Male;235.112.144.24;146-10-1817
655;Elihu;Sivewright;esivewrighti6@aboutads.info;Male;240.30.120.7;838-50-5091
656;Derril;Immins;dimminsi7@shop-pro.jp;Male;54.151.255.81;404-33-0183
657;Elton;Storrie;estorriei8@shinystat.com;Male;168.79.98.255;467-60-1252
658;Manolo;Piesold;mpiesoldi9@bandcamp.com;Male;4.128.180.117;748-24-4518
659;Grayce;Christall;gchristallia@census.gov;Female;45.140.126.96;406-90-8828
660;Halsey;Berndsen;hberndsenib@free.fr;Male;235.127.194.116;856-54-7575
661;Wynnie;Tolcharde;wtolchardeic@unesco.org;Female;186.88.215.139;550-95-1505
662;Hercules;Roughey;hrougheyid@wikia.com;Male;121.186.10.55;415-39-2464
663;Ingram;Jahnisch;ijahnischie@google.ru;Male;69.129.93.33;455-13-2345
664;Tiffy;Balfe;tbalfeif@issuu.com;Female;170.240.39.108;454-76-9212
665;Oby;McMurty;omcmurtyig@columbia.edu;Male;71.215.16.116;768-76-6147
666;Alli;Mallender;amallenderih@over-blog.com;Female;177.138.186.46;159-92-6178
667;Ludvig;Scandwright;lscandwrightii@icio.us;Male;124.224.215.216;379-88-7214
668;Albrecht;Czaple;aczapleij@pen.io;Male;197.226.181.148;279-93-5499
669;Gilly;Stairmond;gstairmondik@abc.net.au;Female;65.75.23.72;723-73-2316
670;Jeromy;Casswell;jcasswellil@dedecms.com;Male;177.250.43.152;655-01-9022
671;Brandice;Fairlaw;bfairlawim@nymag.com;Female;185.114.153.199;723-98-2542
672;Pavlov;Ghirigori;pghirigoriin@mysql.com;Male;27.221.23.106;601-83-6387
673;Lalo;Binding;lbindingio@wikipedia.org;Male;83.243.61.178;578-36-1170
674;Marsiella;Ettels;mettelsip@wired.com;Female;236.13.59.51;637-97-7134
675;Rivy;Nichols;rnicholsiq@purevolume.com;Female;226.59.72.13;800-43-7246
676;Orbadiah;Parradine;oparradineir@thetimes.co.uk;Male;1.98.249.173;281-92-8033
677;Fifi;Nend;fnendis@ycombinator.com;Female;103.91.203.214;648-50-5707
678;Reinaldo;McGeffen;rmcgeffenit@i2i.jp;Male;38.120.200.61;695-02-9210
679;Lu;Kagan;lkaganiu@blogs.com;Female;57.168.97.150;440-21-5737
680;Brien;Gever;bgeveriv@go.com;Male;72.75.86.180;580-92-2918
681;Elston;Alti;ealtiiw@pagesperso-orange.fr;Male;134.59.249.82;463-73-2068
682;Gianina;Ivanchin;givanchinix@nyu.edu;Female;56.113.197.233;681-02-3211
683;Hank;Byfford;hbyffordiy@photobucket.com;Male;147.4.53.189;131-04-6025
684;Clayton;Kuzma;ckuzmaiz@epa.gov;Male;234.150.19.183;458-17-1583
685;Paloma;McMychem;pmcmychemj0@wikia.com;Female;193.139.109.167;377-79-1598
686;Pia;Valti;pvaltij1@bizjournals.com;Female;96.56.6.39;881-79-1206
687;Axel;Davidove;adavidovej2@smh.com.au;Male;239.138.159.95;385-30-2835
688;Chelsie;Peacey;cpeaceyj3@naver.com;Female;192.196.123.32;282-93-3513
689;Lane;Spancock;lspancockj4@t.co;Male;140.160.77.90;192-90-3343
690;Krystalle;Boundy;kboundyj5@vistaprint.com;Female;41.40.6.56;621-80-7231
691;Tallie;Dumbrill;tdumbrillj6@businessinsider.com;Male;143.132.108.151;267-05-3862
692;Rhonda;Jedrychowski;rjedrychowskij7@google.com;Female;223.229.217.171;485-64-0692
693;Sutherland;Aburrow;saburrowj8@guardian.co.uk;Male;171.174.193.238;607-59-3173
694;Daisi;Kliesl;dklieslj9@narod.ru;Female;217.203.57.134;472-15-5071
695;Starlene;McCourtie;smccourtieja@illinois.edu;Female;186.50.89.183;604-46-7905
696;Ronda;Alldread;ralldreadjb@ehow.com;Female;74.142.17.17;405-57-3557
697;Lucille;Yeats;lyeatsjc@a8.net;Female;9.157.22.88;441-08-5706
698;Waverley;Sprason;wsprasonjd@oaic.gov.au;Male;209.9.237.157;560-26-5240
699;Devora;Kadd;dkaddje@zimbio.com;Female;246.8.20.72;400-22-0018
700;Pebrook;Eldered;pelderedjf@tripadvisor.com;Male;192.136.176.106;655-12-0698
701;Elna;Asmus;easmusjg@nymag.com;Female;212.78.116.221;452-71-5224
702;Jerrine;Asplen;jasplenjh@cisco.com;Female;176.125.11.229;130-69-9400
703;Hester;Harhoff;hharhoffji@deliciousdays.com;Female;90.38.194.183;553-47-1799
704;Axel;Itskovitz;aitskovitzjj@tinyurl.com;Male;243.21.121.92;423-21-5872
705;Vincents;Nangle;vnanglejk@sciencedaily.com;Male;10.83.85.121;135-08-3417
706;Rube;Wallsworth;rwallsworthjl@ibm.com;Male;252.56.188.75;659-32-8455
707;Gabriello;Dayes;gdayesjm@imageshack.us;Male;17.25.114.229;588-86-7950
708;Lena;Wombwell;lwombwelljn@123-reg.co.uk;Female;98.243.80.74;212-88-4883
709;Shelby;McClymond;smcclymondjo@rakuten.co.jp;Female;112.214.43.56;573-01-4876
710;Genevieve;Puzey;gpuzeyjp@hibu.com;Female;214.225.186.183;386-53-3126
711;Bettye;Hanratty;bhanrattyjq@w3.org;Female;206.79.231.153;497-24-5690
712;Karine;Myner;kmynerjr@symantec.com;Female;109.153.136.145;320-31-9624
713;Moreen;Stair;mstairjs@topsy.com;Female;160.8.111.221;582-17-7403
714;Mile;Lyman;mlymanjt@instagram.com;Male;38.208.102.220;684-36-1682
715;Eberto;Marle;emarleju@columbia.edu;Male;131.119.134.98;692-40-6306
716;Kristen;Hixson;khixsonjv@discuz.net;Female;68.187.161.192;280-54-3575
717;Britt;Arbor;barborjw@ycombinator.com;Male;182.96.6.136;112-48-8408
718;Rubina;Labrenz;rlabrenzjx@barnesandnoble.com;Female;227.141.235.216;649-70-1375
719;Angelo;Gres;agresjy@deviantart.com;Male;39.151.236.178;569-97-0541
720;Bobbee;Christal;bchristaljz@google.es;Female;82.30.250.6;538-50-7038
721;Salomon;Trenfield;strenfieldk0@unicef.org;Male;198.152.41.190;476-58-8845
722;Grannie;Vakhrushin;gvakhrushink1@infoseek.co.jp;Male;95.2.170.77;316-08-7511
723;Corney;Lidster;clidsterk2@merriam-webster.com;Male;121.63.215.13;325-34-7422
724;Margarita;Maclaine;mmaclainek3@blogs.com;Female;46.12.85.236;800-23-1867
725;Edgardo;Hender;ehenderk4@dailymail.co.uk;Male;86.212.66.199;425-72-7941
726;Amabelle;Cartmale;acartmalek5@alexa.com;Female;220.53.206.43;299-49-6858
727;Torrin;Bax;tbaxk6@hc360.com;Male;72.10.194.75;897-59-4626
728;Nessi;Holt;nholtk7@craigslist.org;Female;77.152.155.51;461-41-1707
729;Fonz;Mepsted;fmepstedk8@pinterest.com;Male;201.31.141.155;385-27-0510
730;Bonnie;Rennicks;brennicksk9@ft.com;Female;27.244.123.29;589-10-8834
731;Ozzie;Kirstein;okirsteinka@xinhuanet.com;Male;132.220.19.238;185-38-2729
732;Audrie;Kilbourn;akilbournkb@paypal.com;Female;241.106.142.215;260-16-4266
733;Rhys;Ferri;rferrikc@vimeo.com;Male;244.201.153.165;777-50-8373
734;Marguerite;Twinbourne;mtwinbournekd@cbsnews.com;Female;36.163.85.245;511-73-0410
735;Cherlyn;Fellona;cfellonake@mysql.com;Female;190.130.104.38;267-87-4626
736;Minor;Youthead;myoutheadkf@posterous.com;Male;196.106.234.128;844-31-5968
737;Mariette;Ballendine;mballendinekg@prnewswire.com;Female;45.119.60.214;438-91-7162
738;Adriane;Obington;aobingtonkh@washington.edu;Female;174.20.255.7;770-96-0067
739;Amalle;Ridel;aridelki@privacy.gov.au;Female;211.81.23.196;531-79-0549
740;Juliet;Clyde;jclydekj@ucsd.edu;Female;109.27.148.198;734-12-1096
741;Greg;Bastock;gbastockkk@jigsy.com;Male;146.223.26.220;236-52-7732
742;Fifine;Wiltshier;fwiltshierkl@comsenz.com;Female;37.138.167.60;788-05-1283
743;Baron;Relph;brelphkm@networksolutions.com;Male;91.236.104.236;810-45-1525
744;Andi;Spindler;aspindlerkn@geocities.jp;Female;125.119.230.108;549-75-3473
745;Tiffie;Surplice;tsurpliceko@myspace.com;Female;3.189.157.14;335-60-9445
746;Rinaldo;Ovens;rovenskp@yelp.com;Male;78.193.29.161;152-33-0606
747;Jacklin;Mattin;jmattinkq@baidu.com;Female;35.158.154.93;294-30-9107
748;Neville;Quinane;nquinanekr@free.fr;Male;158.194.232.73;304-71-3382
749;Jeth;Bonnet;jbonnetks@cisco.com;Male;184.1.137.14;447-25-8554
750;Lynna;Antonignetti;lantonignettikt@engadget.com;Female;198.103.95.229;737-43-2064
751;Janek;Stranger;jstrangerku@scribd.com;Male;95.72.223.210;851-67-0528
752;Vassily;Leese;vleesekv@reverbnation.com;Male;4.17.211.136;243-83-3097
753;Keely;Sambedge;ksambedgekw@google.com.au;Female;234.114.164.167;390-76-7927
754;Kym;Klimus;kklimuskx@cdbaby.com;Female;135.38.38.133;395-85-2787
755;Claudia;Doldon;cdoldonky@surveymonkey.com;Female;27.61.56.217;262-89-3892
756;Valentine;Lain;vlainkz@myspace.com;Female;107.241.237.48;229-03-6285
757;Simeon;McSpirron;smcspirronl0@indiegogo.com;Male;214.179.83.0;615-42-8737
758;Haley;Ottewill;hottewilll1@state.gov;Male;15.124.119.246;814-36-4853
759;Lazarus;Gerold;lgeroldl2@imdb.com;Male;68.233.22.57;714-21-2338
760;Bartolemo;Robley;brobleyl3@jiathis.com;Male;206.132.220.118;302-07-0248
761;Jessy;Endley;jendleyl4@smugmug.com;Female;176.84.43.80;431-27-3649
762;Madelle;Vannah;mvannahl5@reuters.com;Female;222.66.153.96;458-79-9156
763;Winnie;Oby;wobyl6@nsw.gov.au;Female;139.144.119.72;522-57-8840
764;Brit;Janata;bjanatal7@biblegateway.com;Female;155.72.15.198;236-72-6181
765;Kirk;McSherry;kmcsherryl8@joomla.org;Male;101.88.63.214;858-12-9918
766;Nikita;Labrom;nlabroml9@eepurl.com;Male;214.234.171.149;211-81-7727
767;Clair;Yashunin;cyashuninla@parallels.com;Female;67.111.205.117;788-44-6302
768;Renault;Dranfield;rdranfieldlb@globo.com;Male;200.80.172.165;157-92-4757
769;Nico;Brain;nbrainlc@smugmug.com;Male;171.219.244.93;221-59-2754
770;Gretchen;Fairclough;gfaircloughld@vk.com;Female;78.90.48.125;330-40-8053
771;Melly;Candie;mcandiele@loc.gov;Female;6.36.31.253;430-58-5683
772;Melodee;McWhinnie;mmcwhinnielf@chron.com;Female;69.250.207.251;516-95-7816
773;Paddie;Nornable;pnornablelg@sphinn.com;Male;247.33.223.25;714-03-1515
774;Emmett;Itzik;eitziklh@wired.com;Male;166.107.246.138;656-30-1785
775;Brok;Zuann;bzuannli@dell.com;Male;206.250.18.147;607-50-8488
776;Kelvin;Krzysztof;kkrzysztoflj@ibm.com;Male;49.218.89.115;386-75-0376
777;Nanci;Spon;nsponlk@trellian.com;Female;219.87.82.14;209-44-3623
778;Edith;Snuggs;esnuggsll@businesswire.com;Female;17.11.63.40;444-15-6818
779;Aloise;Randal;arandallm@blogs.com;Female;238.249.129.46;352-23-8852
780;Vale;Ladel;vladelln@fda.gov;Female;202.218.17.66;481-09-1099
781;Constantin;Briscoe;cbriscoelo@archive.org;Male;5.199.19.62;693-63-1528
782;Willy;Izzatt;wizzattlp@state.gov;Male;25.150.81.95;837-32-1741
783;Alameda;Tinmouth;atinmouthlq@mysql.com;Female;43.179.123.75;131-32-0481
784;Theodora;Marusyak;tmarusyaklr@shinystat.com;Female;10.218.76.138;881-35-0212
785;Madelaine;Spooner;mspoonerls@stumbleupon.com;Female;7.88.253.108;434-02-4818
786;Latrena;Bechley;lbechleylt@live.com;Female;98.212.143.21;704-25-5087
787;Selena;Winsome;swinsomelu@furl.net;Female;20.232.188.103;628-63-3984
788;Wernher;Jeanes;wjeaneslv@pen.io;Male;15.226.4.151;667-85-8816
789;Berky;Hindsberg;bhindsberglw@parallels.com;Male;159.131.0.122;574-38-8128
790;Mal;Warn;mwarnlx@smugmug.com;Male;179.80.48.102;165-71-6202
791;Hubey;Bullent;hbullently@php.net;Male;2.9.244.125;812-14-5468
792;Cullan;Kubek;ckubeklz@flavors.me;Male;58.242.93.122;644-16-2266
793;Katti;Bruckman;kbruckmanm0@nationalgeographic.com;Female;49.205.190.65;451-96-9462
794;Nada;Primmer;nprimmerm1@wikispaces.com;Female;176.207.214.222;661-20-7427
795;Harman;Lawlie;hlawliem2@msu.edu;Male;237.94.124.9;829-32-7569
796;Abigale;Dillinton;adillintonm3@flavors.me;Female;182.192.46.240;289-23-9447
797;Aubrette;Stather;astatherm4@booking.com;Female;4.167.194.139;453-67-9316
798;Douglas;Syme;dsymem5@ning.com;Male;26.85.65.47;365-98-8941
799;Wood;Camili;wcamilim6@desdev.cn;Male;208.149.68.2;870-56-7296
800;Xena;McRill;xmcrillm7@wix.com;Female;14.201.199.156;450-58-5560
801;Ailyn;Strutt;astruttm8@blogspot.com;Female;179.221.159.210;814-03-0690
802;Rozalie;Travis;rtravism9@psu.edu;Female;24.68.0.62;684-32-6309
803;Tailor;Gerish;tgerishma@printfriendly.com;Male;40.109.228.243;851-42-8613
804;Gerome;Beausang;gbeausangmb@chicagotribune.com;Male;139.66.232.221;709-12-3711
805;Katusha;Reichelt;kreicheltmc@github.io;Female;165.76.53.191;368-77-0986
806;Hyacintha;Goodfield;hgoodfieldmd@virginia.edu;Female;101.95.241.160;155-80-2029
807;Ky;Birdwistle;kbirdwistleme@mysql.com;Male;219.18.126.10;390-38-2515
808;Errol;Exrol;eexrolmf@fda.gov;Male;97.117.198.165;299-07-3271
809;Noble;Matasov;nmatasovmg@bigcartel.com;Male;231.247.107.210;369-72-4116
810;Tan;Chewter;tchewtermh@addthis.com;Male;10.68.139.63;539-75-9134
811;Tom;Gavey;tgaveymi@webeden.co.uk;Male;197.90.72.228;779-39-5565
812;Nikolai;Ivatts;nivattsmj@ebay.com;Male;102.7.84.211;757-45-5266
813;Jim;Youngs;jyoungsmk@bloglines.com;Male;254.2.108.178;844-55-3076
814;Brett;Barmby;bbarmbyml@vkontakte.ru;Male;206.136.239.4;690-48-8849
815;Conroy;Tolchard;ctolchardmm@altervista.org;Male;191.68.220.40;402-78-6772
816;Evie;Shilburne;eshilburnemn@trellian.com;Female;65.91.230.123;731-13-4705
817;Del;Scoyne;dscoynemo@dailymail.co.uk;Female;50.180.11.195;104-80-7772
818;Ransell;Beadon;rbeadonmp@fastcompany.com;Male;229.4.104.208;822-50-5190
819;Phoebe;Seeman;pseemanmq@linkedin.com;Female;138.196.140.28;600-70-1457
820;Janey;Cawker;jcawkermr@oaic.gov.au;Female;102.231.35.186;728-73-3137
821;Oralle;Trenam;otrenamms@about.com;Female;145.104.95.207;608-84-5976
822;Irina;Shortcliffe;ishortcliffemt@nifty.com;Female;90.243.8.13;405-51-8019
823;Lyndel;Backen;lbackenmu@yelp.com;Female;37.17.178.36;881-55-9272
824;Gardie;Aingel;gaingelmv@mayoclinic.com;Male;221.124.67.176;538-61-8291
825;Kristyn;Fike;kfikemw@phoca.cz;Female;233.74.19.28;348-57-4257
826;Julie;Vasilischev;jvasilischevmx@hibu.com;Male;17.145.106.191;180-91-7482
827;Dre;Prettejohns;dprettejohnsmy@booking.com;Female;124.204.45.63;370-08-9920
828;Stearne;Kelledy;skelledymz@dropbox.com;Male;193.93.173.243;279-51-6471
829;Hadlee;Newband;hnewbandn0@posterous.com;Male;54.138.214.18;691-73-4777
830;Quint;Bakewell;qbakewelln1@etsy.com;Male;214.117.144.201;424-72-5430
831;Orbadiah;Scammell;oscammelln2@hibu.com;Male;246.100.231.101;213-49-6342
832;Archibaldo;Pinsent;apinsentn3@imageshack.us;Male;120.126.207.45;430-84-2216
833;Delaney;Heathwood;dheathwoodn4@marriott.com;Male;227.172.59.155;264-17-1397
834;Lindsy;Schuck;lschuckn5@facebook.com;Female;38.50.127.50;711-35-0836
835;Carena;Vondrach;cvondrachn6@seesaa.net;Female;82.61.250.227;323-98-3478
836;Albert;Cuerda;acuerdan7@sfgate.com;Male;211.135.221.0;217-21-2246
837;Mervin;Bagnal;mbagnaln8@purevolume.com;Male;58.112.200.140;735-84-8451
838;Hinze;Pocklington;hpocklingtonn9@aboutads.info;Male;45.218.245.230;233-08-9024
839;Aurthur;Humphris;ahumphrisna@theglobeandmail.com;Male;144.92.83.235;371-22-0323
840;Petr;McAline;pmcalinenb@sohu.com;Male;174.167.50.255;395-53-2679
841;Patty;Pickthorn;ppickthornnc@webnode.com;Female;53.46.42.135;315-21-9968
842;Luise;Foulks;lfoulksnd@miibeian.gov.cn;Female;26.162.123.200;340-71-0824
843;Jerry;Tittershill;jtittershillne@archive.org;Male;145.78.64.230;312-50-3460
844;Hardy;Antao;hantaonf@liveinternet.ru;Male;85.53.251.80;526-66-5278
845;Domini;Wood;dwoodng@bandcamp.com;Female;45.169.83.29;351-70-9575
846;Kylila;Konig;kkonignh@bbb.org;Female;5.142.100.17;227-37-2207
847;Lurette;McGreal;lmcgrealni@fc2.com;Female;142.135.173.31;492-69-2224
848;Lonee;Ladell;lladellnj@bbc.co.uk;Female;139.194.58.20;205-30-5033
849;Georges;Anney;ganneynk@time.com;Male;232.0.210.2;498-37-7772
850;Claus;Yeskov;cyeskovnl@seattletimes.com;Male;81.120.78.50;198-20-1500
851;Antonius;McClaurie;amcclaurienm@goodreads.com;Male;185.245.116.242;456-31-0121
852;Pete;Schruyer;pschruyernn@soup.io;Male;253.220.121.150;290-19-5414
853;Ave;Paddick;apaddickno@shareasale.com;Male;9.160.169.118;282-58-2016
854;Cristy;Fawdery;cfawderynp@ucla.edu;Female;211.40.153.171;747-69-4898
855;Claybourne;Aspel;caspelnq@hao123.com;Male;55.139.53.114;507-46-1632
856;Coriss;Riddel;criddelnr@hud.gov;Female;16.138.50.160;581-12-2144
857;Winne;Gert;wgertns@howstuffworks.com;Female;123.21.123.142;539-92-7219
858;Ruprecht;Salzen;rsalzennt@globo.com;Male;114.10.80.118;431-87-6016
859;Burgess;Lorryman;blorrymannu@msu.edu;Male;55.75.252.40;869-81-7222
860;Eimile;Vallentin;evallentinnv@i2i.jp;Female;220.230.29.14;288-42-9589
861;Rufus;Idney;ridneynw@kickstarter.com;Male;91.58.29.32;534-96-3677
862;Kimberli;Gillies;kgilliesnx@mtv.com;Female;175.75.22.168;827-47-1359
863;Hi;Lambe;hlambeny@businesswire.com;Male;167.47.76.67;230-91-3973
864;Ketti;Bernardt;kbernardtnz@tinyurl.com;Female;221.126.175.180;577-68-7983
865;Bob;Bengochea;bbengocheao0@tumblr.com;Male;149.27.186.56;502-80-9599
866;Laurence;Beddin;lbeddino1@indiegogo.com;Male;124.187.3.186;403-06-3955
867;Antons;Giocannoni;agiocannonio2@skyrock.com;Male;91.185.119.81;154-20-3652
868;Deina;Ritmeier;dritmeiero3@nyu.edu;Female;130.210.161.128;896-08-8153
869;Gal;Gounard;ggounardo4@mashable.com;Male;176.65.112.25;562-57-5441
870;Roz;McArthur;rmcarthuro5@xing.com;Female;252.112.72.159;613-57-0068
871;Frederica;O'Fogarty;fofogartyo6@uol.com.br;Female;61.56.136.144;758-67-4696
872;Chrissie;Elcott;celcotto7@etsy.com;Female;116.159.42.111;335-50-1348
873;Min;Josef;mjosefo8@vkontakte.ru;Female;141.140.1.221;678-21-9475
874;Frasquito;Seid;fseido9@ow.ly;Male;211.101.253.178;319-96-2279
875;Emory;Harkins;eharkinsoa@alexa.com;Male;2.212.79.102;794-58-3659
876;Jakie;Lawey;jlaweyob@independent.co.uk;Male;195.3.54.148;323-92-9817
877;Amie;Bartoszek;abartoszekoc@si.edu;Female;253.78.142.253;193-71-2648
878;Fionna;Stanbridge;fstanbridgeod@time.com;Female;47.10.85.185;473-64-8872
879;Lew;Nisard;lnisardoe@dion.ne.jp;Male;189.154.158.130;417-83-0245
880;Traci;Sapwell;tsapwellof@over-blog.com;Female;66.237.29.88;737-95-5928
881;Nester;Calvert;ncalvertog@friendfeed.com;Male;117.173.50.35;876-75-3093
882;Madison;Mariault;mmariaultoh@bluehost.com;Male;150.219.166.44;602-62-8391
883;Herculie;Maile;hmaileoi@dot.gov;Male;161.6.97.224;841-88-4059
884;Dorette;Cormack;dcormackoj@mashable.com;Female;243.164.180.243;496-53-1619
885;Beryl;Kensitt;bkensittok@opera.com;Female;28.253.8.88;680-57-8365
886;Burl;Elliker;bellikerol@shinystat.com;Male;27.18.135.168;404-41-4478
887;Paola;Penrith;ppenrithom@istockphoto.com;Female;144.32.83.129;416-76-7870
888;Dean;Darton;ddartonon@china.com.cn;Male;198.161.196.85;898-76-8105
889;Norrie;Anshell;nanshelloo@earthlink.net;Male;6.249.165.237;236-13-6821
890;Miles;McCart;mmccartop@chicagotribune.com;Male;30.66.0.26;154-28-7730
891;Sly;Goldes;sgoldesoq@soup.io;Male;90.10.21.166;846-05-1371
892;Jehu;Bugg;jbuggor@independent.co.uk;Male;85.212.74.126;125-30-3373
893;Marta;Nunn;mnunnos@discovery.com;Female;172.40.120.60;136-69-9956
894;Fremont;Heaselgrave;fheaselgraveot@tuttocitta.it;Male;131.36.190.58;627-99-1786
895;Ozzy;Foxten;ofoxtenou@state.tx.us;Male;1.75.116.180;332-32-6401
896;Gradey;Garard;ggarardov@lycos.com;Male;36.18.49.130;411-59-9030
897;Brewster;Fruser;bfruserow@mtv.com;Male;15.190.46.51;295-91-0987
898;Buiron;Barlie;bbarlieox@thetimes.co.uk;Male;95.169.251.54;179-29-1193
899;Kenny;MacLennan;kmaclennanoy@elpais.com;Male;212.51.11.248;544-50-3976
900;Torin;Gorch;tgorchoz@amazon.co.uk;Male;150.23.49.235;375-48-5274
901;Clerissa;Caunce;ccauncep0@phoca.cz;Female;96.62.164.168;882-11-2195
902;Nels;Dow;ndowp1@vinaora.com;Male;29.29.113.212;615-76-5903
903;Maura;Manklow;mmanklowp2@furl.net;Female;208.37.19.48;180-76-1120
904;Blaire;Hogben;bhogbenp3@over-blog.com;Female;190.233.68.254;589-59-6777
905;Sheila-kathryn;Cleugher;scleugherp4@cnbc.com;Female;247.119.115.163;193-70-4285
906;Andrej;Cleft;acleftp5@google.com.hk;Male;130.212.142.189;366-93-9392
907;Hannie;Cumo;hcumop6@wired.com;Female;193.85.197.180;646-76-5202
908;Adelice;Huton;ahutonp7@odnoklassniki.ru;Female;220.4.229.234;752-10-5154
909;Kingsly;Pyecroft;kpyecroftp8@scientificamerican.com;Male;117.16.132.26;809-53-5003
910;Farlie;Siuda;fsiudap9@imageshack.us;Male;249.88.236.175;293-23-7288
911;Reamonn;Nettles;rnettlespa@tmall.com;Male;12.35.64.34;241-10-9672
912;Yank;Foulstone;yfoulstonepb@printfriendly.com;Male;78.195.128.1;857-73-4375
913;Riordan;Hannen;rhannenpc@redcross.org;Male;158.244.171.185;607-58-3199
914;Clarissa;Lemon;clemonpd@cnet.com;Female;24.115.47.90;216-33-2269
915;Jacquenette;Foulds;jfouldspe@usda.gov;Female;213.188.15.46;163-49-5283
916;Darda;Nares;dnarespf@usgs.gov;Female;35.4.171.152;570-07-6413
917;Herve;St. Quentin;hstquentinpg@discovery.com;Male;240.15.100.101;512-28-3465
918;Sofia;Ridel;sridelph@businessinsider.com;Female;50.56.156.92;373-89-1687
919;Carlin;Farrand;cfarrandpi@dmoz.org;Male;240.93.71.201;651-58-0501
920;Dirk;Woodroof;dwoodroofpj@imgur.com;Male;119.193.216.235;238-05-0332
921;Roderich;Gooms;rgoomspk@google.fr;Male;18.153.106.166;594-45-2970
922;Wakefield;Stroulger;wstroulgerpl@dailymotion.com;Male;253.40.178.247;365-25-2492
923;Alta;Costellow;acostellowpm@amazon.co.uk;Female;86.148.211.79;207-64-6691
924;Sigismond;Pixton;spixtonpn@wiley.com;Male;105.242.46.233;806-35-7202
925;Luisa;Issard;lissardpo@gravatar.com;Female;191.11.127.169;198-23-2681
926;Edithe;Varley;evarleypp@trellian.com;Female;229.134.12.217;481-33-7374
927;Darrelle;Blunsom;dblunsompq@un.org;Female;213.89.62.16;531-92-9355
928;Sheila-kathryn;Waadenburg;swaadenburgpr@fotki.com;Female;239.231.238.28;828-02-1305
929;Ciel;Lerohan;clerohanps@spotify.com;Female;61.108.235.238;601-71-0689
930;Barclay;Escalera;bescalerapt@businesswire.com;Male;107.102.96.96;729-68-9159
931;Bobbe;Dicker;bdickerpu@un.org;Female;89.81.188.76;375-12-0377
932;Wanids;Blunderfield;wblunderfieldpv@csmonitor.com;Female;249.139.130.249;333-43-8593
933;Harlin;Sandland;hsandlandpw@prweb.com;Male;206.12.170.110;740-77-7036
934;Bat;Gennings;bgenningspx@sun.com;Male;169.120.53.44;268-35-0067
935;Elisha;Lonie;eloniepy@rambler.ru;Female;18.255.170.91;607-51-3957
936;Jan;Garrand;jgarrandpz@webs.com;Male;196.25.228.91;656-46-9832
937;Aindrea;Jorcke;ajorckeq0@yahoo.com;Female;83.226.80.38;264-59-3758
938;Aindrea;McCallion;amccallionq1@icq.com;Female;253.112.109.21;366-12-3475
939;Loretta;Tarn;ltarnq2@scientificamerican.com;Female;193.255.167.178;768-26-7424
940;Dolli;Rhubottom;drhubottomq3@about.com;Female;135.104.0.36;791-84-9147
941;Anabal;Featley;afeatleyq4@skyrock.com;Female;174.137.207.125;691-83-9810
942;Gran;Ingle;gingleq5@craigslist.org;Male;35.208.75.51;206-94-3598
943;Land;Brunsen;lbrunsenq6@narod.ru;Male;51.249.178.187;553-04-7402
944;Bradford;Gwioneth;bgwionethq7@privacy.gov.au;Male;172.12.99.110;834-26-5933
945;Baryram;Bryce;bbryceq8@chronoengine.com;Male;126.34.218.5;455-31-1637
946;Leena;Jubb;ljubbq9@howstuffworks.com;Female;88.215.201.62;532-27-7641
947;Tristan;Pride;tprideqa@imageshack.us;Male;140.82.176.240;296-38-1250
948;Cammi;Labba;clabbaqb@irs.gov;Female;102.52.64.117;164-59-5746
949;Hart;Madgwick;hmadgwickqc@icio.us;Male;161.210.49.186;869-06-9981
950;Eloise;Fasey;efaseyqd@moonfruit.com;Female;37.35.221.64;116-60-8199
951;Gino;Billinge;gbillingeqe@arizona.edu;Male;11.5.154.128;815-75-0356
952;Bordy;Pincked;bpinckedqf@lulu.com;Male;47.7.85.226;439-16-0836
953;Wyndham;Chittenden;wchittendenqg@rambler.ru;Male;74.7.9.98;667-16-7892
954;Sandor;McNeillie;smcneillieqh@google.com.br;Male;182.18.246.207;764-67-0953
955;Heath;Joannet;hjoannetqi@loc.gov;Female;202.212.152.37;279-75-5160
956;Morna;Neave;mneaveqj@aol.com;Female;130.173.236.166;333-63-9838
957;Charlotte;Delaney;cdelaneyqk@creativecommons.org;Female;94.245.20.76;885-28-0562
958;Cornie;Pail;cpailql@pcworld.com;Female;85.39.241.112;160-55-3384
959;Tristam;Warhurst;twarhurstqm@pinterest.com;Male;179.170.172.244;840-31-7614
960;Milka;Trunby;mtrunbyqn@google.co.jp;Female;199.109.100.190;235-04-7929
961;Cornie;Laminman;claminmanqo@msn.com;Female;39.135.210.165;155-86-6947
962;Maible;Skaid;mskaidqp@howstuffworks.com;Female;69.188.159.148;294-54-3026
963;Eli;Sibyllina;esibyllinaqq@blogtalkradio.com;Male;89.134.36.66;428-66-6620
964;Torre;Acome;tacomeqr@dagondesign.com;Male;130.142.141.30;620-16-6253
965;Delano;Solly;dsollyqs@homestead.com;Male;56.244.88.63;739-27-3092
966;Phylis;Aldus;paldusqt@lycos.com;Female;166.245.251.155;868-14-3014
967;Faustine;Gatward;fgatwardqu@posterous.com;Female;208.128.3.116;568-01-0081
968;Adrienne;Zylberdik;azylberdikqv@bloglines.com;Female;147.6.206.15;667-69-4456
969;Sandy;Folcarelli;sfolcarelliqw@google.cn;Male;62.37.160.115;339-72-7008
970;Paulina;Goscomb;pgoscombqx@hao123.com;Female;85.165.42.174;297-47-9028
971;Sophronia;Baldazzi;sbaldazziqy@wunderground.com;Female;205.154.141.173;313-55-5871
972;Boony;Baskerville;bbaskervilleqz@utexas.edu;Male;67.165.36.5;454-15-2486
973;Jacenta;Littleproud;jlittleproudr0@istockphoto.com;Female;94.7.227.242;861-69-9282
974;Cheryl;Abad;cabadr1@printfriendly.com;Female;17.239.214.42;238-08-1425
975;Bryna;McIleen;bmcileenr2@discuz.net;Female;48.232.140.224;260-62-8885
976;Mala;Claiton;mclaitonr3@cloudflare.com;Female;75.1.187.181;885-73-9649
977;Shannon;Muckloe;smuckloer4@hp.com;Male;216.216.94.66;738-79-2076
978;Frederick;Sutcliffe;fsutcliffer5@wp.com;Male;43.245.63.160;224-64-1953
979;Matty;Gerriet;mgerrietr6@noaa.gov;Female;232.227.16.164;804-05-1121
980;Dene;Simcoe;dsimcoer7@cnet.com;Male;104.162.195.67;255-99-1542
981;Dukie;Suart;dsuartr8@tmall.com;Male;196.103.39.6;384-40-7500
982;Romeo;Leney;rleneyr9@shutterfly.com;Male;76.64.106.83;797-28-5556
983;Evaleen;Yourell;eyourellra@privacy.gov.au;Female;36.40.111.63;683-63-9015
984;Zared;Stocking;zstockingrb@marriott.com;Male;216.54.135.12;433-49-8669
985;Beth;Vamplew;bvamplewrc@hatena.ne.jp;Female;91.241.21.90;643-30-4306
986;Teriann;Weaben;tweabenrd@dell.com;Female;192.209.85.206;708-89-3757
987;Cecil;Purtell;cpurtellre@mozilla.com;Female;173.39.38.213;632-42-8974
988;Ernest;O'Luney;eoluneyrf@umich.edu;Male;224.125.97.17;568-49-9257
989;Winne;Cline;wclinerg@sciencedirect.com;Female;201.45.57.147;638-87-0214
990;Levi;Koba;lkobarh@dailymail.co.uk;Male;141.31.21.31;436-55-0707
991;Olly;Alekseicik;oalekseicikri@ucoz.com;Male;247.154.231.42;539-07-1075
992;Ado;Windless;awindlessrj@uol.com.br;Male;247.166.25.4;693-70-0903
993;Maryanne;Depke;mdepkerk@last.fm;Female;6.188.157.194;154-91-9888
994;Orly;Rahlof;orahlofrl@ycombinator.com;Female;151.192.234.95;879-12-0604
995;Brit;Hagstone;bhagstonerm@eventbrite.com;Female;84.115.179.14;775-47-7159
996;Gard;Brabbins;gbrabbinsrn@seesaa.net;Male;255.147.204.117;510-71-7062
997;Logan;O'Heagertie;loheagertiero@edublogs.org;Male;79.13.223.124;476-73-5752
998;Lyle;Brisse;lbrisserp@ovh.net;Male;206.133.86.97;516-69-0497
999;Bank;Wycliffe;bwyclifferq@amazonaws.com;Male;38.105.50.77;792-39-6437
1000;Sheila;Kunze;skunzerr@ning.com;Female;56.0.181.222;520-98-3426
